user_id,age,profession,daily_screen_time_hrs,social_media_hrs,work_study_hrs,entertainment_hrs,notifications_per_day,sleep_hrs,productivity_score,stress_level,mood,day_type
U0001,24,Freelancer,8.6,3.1,5.3,2.4,98,8.3,1,High,Happy,Weekday
U0002,22,Student,10.2,2.4,3,2.4,134,6.1,6,High,Neutral,Weekend
U0003,25,Freelancer,9.4,1.6,5.1,3.1,52,8.9,10,High,Tired,Weekday
U0004,31,Freelancer,8.8,1.5,3.5,3.3,38,8.9,1,High,Neutral,Weekend
U0005,30,Student,9.8,4,4,4.2,147,5.7,8,Low,Tired,Weekday
U0006,32,Student,6,3.6,5.4,2.4,123,4.7,5,High,Anxious,Weekend
U0007,34,Freelancer,9.2,2.3,5,4.2,62,7.7,6,Medium,Tired,Weekend
U0008,32,Working,6.2,3.4,5.2,2.4,159,6.5,2,Medium,Anxious,Weekday
U0009,37,Freelancer,11.5,3.5,2.5,1.2,43,5,2,High,Neutral,Weekend
U0010,35,Freelancer,5.5,2,2.3,3.2,30,7.7,9,High,Anxious,Weekend
U0011,35,Freelancer,8,4.3,5.6,3.4,119,4.6,3,Medium,Neutral,Weekday
U0012,19,Freelancer,9.9,4.9,3.6,4.7,118,8.4,6,Medium,Happy,Weekend
U0013,21,Student,8.2,5,3.2,3.9,119,5.1,10,Low,Happy,Weekend
U0014,18,Freelancer,5.6,4,4.9,4.7,43,5.1,5,Medium,Happy,Weekend
U0015,21,Working,8.9,3.6,5.3,4.6,140,5.3,4,Medium,Anxious,Weekday
U0016,35,Student,9.5,1.3,5.4,3.4,112,8.8,10,High,Happy,Weekday
U0017,22,Working,9.9,2.4,3.3,3.1,101,7.6,2,Medium,Tired,Weekend
U0018,36,Working,7.6,1.5,5.4,3.2,159,8.1,8,Low,Neutral,Weekday
U0019,32,Working,8.9,5.8,2.2,4.9,56,6.3,10,Medium,Neutral,Weekend
U0020,25,Working,8.2,1.7,2.2,4.1,103,6,7,High,Tired,Weekend
U0021,37,Student,9.7,1.8,4.5,1.4,128,5.6,2,High,Anxious,Weekend
U0022,34,Student,9.1,5.4,2.3,4.1,101,6.7,6,Medium,Anxious,Weekend
U0023,18,Working,8.7,5.7,3.3,1.7,52,7,8,High,Neutral,Weekend
U0024,29,Working,6.7,4.8,4.7,2.8,97,7.3,7,Low,Happy,Weekday
U0025,36,Student,5,1,3.3,1.8,146,5.7,1,Low,Anxious,Weekend
U0026,32,Student,6.2,1,2.7,3.8,135,8.8,5,Medium,Anxious,Weekday
U0027,26,Student,5.8,2.9,3.1,4.5,122,5.3,2,Medium,Tired,Weekday
U0028,24,Freelancer,8.1,1.7,3.8,2.2,94,8.8,6,Medium,Tired,Weekend
U0029,19,Freelancer,9.3,1.1,3.9,1.3,97,4.6,7,High,Happy,Weekend
U0030,26,Freelancer,6.5,3.3,5.1,2.2,157,6.7,7,Low,Anxious,Weekday
U0031,27,Working,11.6,5.7,5,3.7,92,6,3,Low,Anxious,Weekday
U0032,19,Freelancer,5,2.6,3.8,2.3,142,6.5,7,High,Tired,Weekday
U0033,36,Working,10.4,4.3,5.4,2.1,119,7.1,5,Low,Anxious,Weekend
U0034,28,Working,9.4,4.3,2.5,1.7,110,6.5,8,Medium,Neutral,Weekday
U0035,30,Freelancer,7.6,2.3,3,3,132,6.4,8,Medium,Tired,Weekend
U0036,27,Working,5.4,4.3,5.3,2.1,145,7.8,7,Medium,Happy,Weekend
U0037,31,Freelancer,9.4,2.1,3.5,3.9,42,7.6,6,Low,Tired,Weekend
U0038,35,Freelancer,7.7,1.6,5.9,1.3,153,8.2,2,Medium,Anxious,Weekday
U0039,36,Student,11.6,4.5,3.9,3.7,117,5.6,6,High,Happy,Weekend
U0040,39,Freelancer,8.8,1.6,5.2,2,40,7.2,9,High,Tired,Weekend
U0041,26,Student,11.6,6,3.6,3,44,7.1,2,Low,Neutral,Weekend
U0042,24,Freelancer,6.5,1.9,3.7,2.1,39,6.2,1,High,Neutral,Weekend
U0043,20,Freelancer,10.1,4,3.5,3.9,70,6.7,5,High,Tired,Weekend
U0044,37,Student,9.3,3.1,4.9,4.8,102,5.9,6,Low,Neutral,Weekday
U0045,23,Student,10.2,1.6,4.2,4.7,81,5.1,3,Medium,Neutral,Weekend
U0046,38,Freelancer,6.5,1.1,5.8,3.3,157,5.5,8,Medium,Neutral,Weekend
U0047,19,Working,9.7,4.1,3,2.9,57,5,7,Medium,Happy,Weekday
U0048,23,Student,8.5,5,2.4,4.3,94,7.6,2,Low,Neutral,Weekend
U0049,20,Working,10.2,5.2,3.6,3.7,46,7.5,7,High,Neutral,Weekday
U0050,33,Working,7.3,3.4,4.5,1.7,124,8.8,1,Medium,Neutral,Weekend
U0051,25,Working,11.2,4.9,5.4,4.3,92,7.8,9,Medium,Happy,Weekday
U0052,19,Student,5.6,4.4,3.4,2.7,67,4.7,7,Low,Tired,Weekday
U0053,34,Working,10.7,4.6,4.6,1.8,99,8.5,6,Medium,Anxious,Weekend
U0054,26,Student,11,3.5,3.4,2.1,133,8.4,2,Low,Neutral,Weekend
U0055,29,Working,10.7,4.2,4.5,2.1,82,6.5,3,High,Tired,Weekend
U0056,20,Freelancer,8.6,5,5.5,3.1,148,7.1,1,Low,Neutral,Weekday
U0057,28,Freelancer,8.1,3,2.9,1.9,103,8.9,10,Low,Happy,Weekday
U0058,18,Student,12,5,3.6,1.5,83,6.9,5,Low,Tired,Weekday
U0059,30,Freelancer,6.6,4,6,1.5,49,8.6,9,Low,Happy,Weekend
U0060,32,Freelancer,8.8,1.8,5.5,3.3,108,4.9,6,High,Neutral,Weekday
U0061,22,Working,9.7,1.1,4.3,3.9,60,5.4,5,High,Neutral,Weekday
U0062,38,Student,9.9,2.8,4.1,2.3,87,6.5,3,Medium,Happy,Weekend
U0063,34,Working,6.4,3.7,3.1,1.1,134,7.1,5,High,Anxious,Weekday
U0064,23,Working,9.6,5.2,4.1,1.5,39,8.2,8,High,Happy,Weekday
U0065,38,Working,10.7,1.6,5.4,4.7,39,8.9,2,Medium,Neutral,Weekend
U0066,39,Working,5.4,5,4.7,3,68,6.2,5,High,Happy,Weekday
U0067,28,Working,11.4,5.3,3.2,2.8,66,4.7,6,Low,Anxious,Weekend
U0068,35,Working,5.2,1.8,2.8,1.2,148,8.1,10,Low,Happy,Weekend
U0069,21,Working,7.5,5.3,3.1,3.9,96,7.2,8,Medium,Anxious,Weekend
U0070,20,Student,5.1,6,2.7,3.1,72,5.4,8,Medium,Anxious,Weekend
U0071,30,Freelancer,5.5,4.6,2.4,1.8,81,6.7,5,Medium,Happy,Weekend
U0072,26,Working,11.4,4.9,3.7,1.4,130,7.8,9,Low,Happy,Weekday
U0073,38,Working,7.5,6,2.5,2.5,85,8,4,High,Tired,Weekday
U0074,23,Working,8,4,2.7,4.3,105,6.7,9,Low,Neutral,Weekend
U0075,29,Working,6.5,2.5,4.2,4.5,97,5.9,7,Medium,Anxious,Weekend
U0076,19,Working,9.2,5.2,2.7,3.4,135,8.9,6,High,Tired,Weekday
U0077,20,Working,9.2,4.1,2.3,3.9,154,7.5,4,High,Happy,Weekend
U0078,20,Freelancer,7.6,3.9,3.3,1.5,121,6.3,2,Low,Neutral,Weekend
U0079,29,Freelancer,7.3,2.3,2.9,3.4,52,5.8,8,Medium,Tired,Weekend
U0080,32,Working,11.2,4.8,4.1,3.7,138,7.8,6,Low,Anxious,Weekday
U0081,26,Freelancer,7.7,1.4,2.4,1.8,90,5.6,3,High,Tired,Weekday
U0082,25,Student,8.5,5.6,5,4.5,73,5.3,7,Low,Anxious,Weekend
U0083,28,Working,7,2.6,5.6,1.8,45,6.9,10,Low,Happy,Weekend
U0084,33,Student,10.5,1.6,5,2.3,51,5.8,7,Medium,Neutral,Weekday
U0085,39,Student,7.8,3.2,4.1,3.5,86,7.3,6,Medium,Neutral,Weekday
U0086,21,Working,8.6,1.2,5.4,3.6,91,5,2,High,Neutral,Weekend
U0087,18,Freelancer,6.8,4.4,4.8,3.8,136,7.4,8,Low,Happy,Weekend
U0088,24,Student,11.9,5.5,2,1.4,100,5.8,1,Low,Anxious,Weekday
U0089,19,Working,7,5.2,3.6,4.4,119,4.5,1,Low,Happy,Weekday
U0090,22,Student,10.4,1.6,5.4,3.1,101,5.1,6,High,Neutral,Weekday
U0091,24,Student,8,1.6,3.4,2.9,99,8.7,5,High,Happy,Weekend
U0092,21,Student,6.4,5.1,2.1,4.9,59,8.4,9,Medium,Happy,Weekday
U0093,22,Student,10.6,5.6,5,4,132,5.6,7,Medium,Happy,Weekend
U0094,18,Freelancer,7.3,3.3,5.2,1.5,61,8,2,Medium,Anxious,Weekday
U0095,18,Student,11.1,3.5,2.6,4,115,7.2,7,Low,Tired,Weekday
U0096,32,Student,11.4,2.6,4.1,1.4,86,8.9,3,Low,Tired,Weekday
U0097,37,Student,11,5.5,2.8,1.1,138,6.2,1,Medium,Happy,Weekday
U0098,36,Freelancer,5.2,4.2,4.9,2.6,38,7.6,8,Low,Tired,Weekend
U0099,27,Student,10.5,2.4,3.1,5,60,4.8,3,Medium,Tired,Weekend
U0100,35,Student,7.9,2.5,3.3,1.7,100,6.3,8,High,Happy,Weekday
U0101,20,Freelancer,11.1,5.5,5.4,3.7,42,8.8,7,Medium,Happy,Weekend
U0102,28,Freelancer,9.5,1.1,3.9,1.7,64,6.9,2,High,Neutral,Weekday
U0103,32,Freelancer,10.8,2.6,4.7,3.9,50,5.8,1,Low,Tired,Weekday
U0104,28,Student,8.5,3.8,3.6,3,93,5,7,Medium,Anxious,Weekday
U0105,34,Freelancer,8.7,1.7,3.2,3.7,124,7.7,1,Low,Happy,Weekday
U0106,34,Freelancer,6,1.5,4.5,1.8,63,7.4,6,High,Neutral,Weekend
U0107,23,Student,10.5,5.1,2.6,4,150,6.2,10,High,Anxious,Weekday
U0108,22,Freelancer,7.9,5.5,3.5,5,44,8.8,10,High,Tired,Weekday
U0109,25,Student,8.5,5.1,2.8,3.7,149,4.6,8,Low,Neutral,Weekend
U0110,19,Working,10.5,5.5,4.8,3,125,5.9,7,Low,Happy,Weekday
U0111,33,Freelancer,9.2,3.8,5.8,4.7,35,8.6,4,Low,Anxious,Weekday
U0112,37,Working,6.4,5.1,6,1.1,138,5.9,1,Low,Happy,Weekday
U0113,29,Student,9.1,2.9,3.8,3.9,126,5.6,1,High,Tired,Weekend
U0114,23,Freelancer,7.9,4.3,3,4.6,61,6.9,4,High,Anxious,Weekday
U0115,18,Student,8.3,5.9,3.8,1.2,112,8.2,5,Medium,Tired,Weekend
U0116,21,Working,5.2,2.1,5.4,2.8,147,5,7,Medium,Tired,Weekday
U0117,34,Student,6.5,2.9,2.8,1.8,108,8.7,4,Low,Neutral,Weekday
U0118,30,Freelancer,7,3.4,5.8,3.3,107,8.1,10,High,Happy,Weekend
U0119,35,Freelancer,10,1.7,3.4,3.6,136,5.3,1,High,Anxious,Weekday
U0120,22,Working,5.1,1.4,5.9,2.2,155,7.7,10,High,Tired,Weekday
U0121,20,Student,7.9,5.1,5.4,2.8,44,6.2,7,Medium,Tired,Weekend
U0122,28,Freelancer,11.5,5.9,5.2,2.1,102,6.3,2,Medium,Anxious,Weekend
U0123,30,Working,5.8,3,3.3,2.5,130,8,2,High,Tired,Weekend
U0124,21,Freelancer,8.6,1.4,2,1.6,127,8.8,8,High,Neutral,Weekend
U0125,31,Freelancer,10.5,1.3,3.5,4.5,55,5.1,10,High,Neutral,Weekend
U0126,39,Student,11.6,5.5,3.2,1,121,6.4,10,Medium,Neutral,Weekday
U0127,28,Freelancer,10.2,3.3,2.1,4.5,154,6.7,10,High,Neutral,Weekend
U0128,27,Student,10,2.6,4,3.3,102,6.2,5,High,Tired,Weekday
U0129,36,Freelancer,10.8,3.4,3.6,2.3,152,6.1,10,Low,Anxious,Weekday
U0130,35,Working,8.1,2.6,4.5,3.9,82,4.7,2,Low,Anxious,Weekday
U0131,23,Freelancer,10.6,3.4,4.5,3,107,7.6,5,Medium,Anxious,Weekend
U0132,32,Student,5.1,5.3,2.5,3,121,6.5,8,High,Anxious,Weekend
U0133,38,Student,11.5,4,5.9,1.4,117,5.4,6,High,Happy,Weekday
U0134,27,Working,8.1,4.5,2.7,2.6,42,8.2,3,Low,Anxious,Weekend
U0135,22,Freelancer,8.9,2.8,3.8,2,72,8.1,8,Medium,Happy,Weekend
U0136,22,Freelancer,6.8,4.7,4,1.1,105,6.7,9,Low,Happy,Weekend
U0137,27,Working,10.2,4.3,5.3,2.4,80,5.8,5,Low,Neutral,Weekend
U0138,22,Freelancer,5.5,1.6,2.4,1.4,48,7.4,2,Low,Happy,Weekday
U0139,20,Freelancer,11.1,3.9,3.7,2,151,5.8,2,Low,Tired,Weekday
U0140,23,Student,10.8,2.3,4.5,1.4,53,5.6,7,High,Happy,Weekend
U0141,21,Freelancer,6.5,5,2.9,1.4,55,7.8,1,High,Neutral,Weekday
U0142,35,Freelancer,10.7,3.1,4.5,1.8,149,4.7,10,Low,Happy,Weekend
U0143,26,Working,10.5,6,5.7,5,111,4.9,2,Medium,Tired,Weekend
U0144,34,Working,9.4,1.5,6,1,129,4.5,10,Medium,Tired,Weekday
U0145,30,Student,7.6,4.9,2.1,3.6,46,5.2,4,Medium,Tired,Weekday
U0146,32,Freelancer,6.9,4.4,2.9,1.6,97,4.8,1,Medium,Neutral,Weekday
U0147,37,Freelancer,6.6,4.8,3.2,4.7,73,9,4,Low,Neutral,Weekend
U0148,34,Freelancer,7.2,2.5,3.6,1.4,90,5.8,10,High,Anxious,Weekday
U0149,30,Student,11.3,3.5,3,4.8,152,5.2,5,Medium,Neutral,Weekend
U0150,33,Student,5.5,5,2.8,3.4,122,5.6,9,Low,Tired,Weekday
U0151,39,Working,10.8,2.2,5.8,1,103,8.7,1,Medium,Tired,Weekday
U0152,21,Student,7.4,2.1,5.7,4.6,96,6.8,5,Medium,Neutral,Weekend
U0153,22,Freelancer,8.7,3.8,2.2,3.1,140,6.1,2,Low,Happy,Weekend
U0154,22,Freelancer,10.6,3.6,3.4,2.1,31,8.4,9,High,Neutral,Weekend
U0155,26,Student,11.2,2.4,3.6,4.1,118,6.3,6,High,Neutral,Weekend
U0156,34,Freelancer,7.4,2.5,3,4.7,55,6,2,Low,Tired,Weekend
U0157,30,Freelancer,8.2,2.4,4.5,2.9,128,5.4,3,High,Anxious,Weekend
U0158,19,Student,7.9,4.9,4.6,2.3,56,6.2,8,Low,Tired,Weekend
U0159,30,Student,5.1,4.3,5.4,4.2,118,5.9,1,Low,Anxious,Weekend
U0160,39,Freelancer,7.1,5.2,5,3.7,30,7.5,3,Low,Tired,Weekday
U0161,38,Freelancer,8.2,5.9,4.2,4.6,132,5.8,10,High,Neutral,Weekend
U0162,36,Freelancer,7.9,3.4,4.6,3.8,70,7.1,1,Low,Tired,Weekend
U0163,20,Working,10.1,1.3,3.1,2,80,4.8,8,Medium,Tired,Weekday
U0164,27,Working,7.7,1.2,4.4,4.7,44,5.4,1,High,Tired,Weekend
U0165,19,Working,8.4,2.5,4,1.4,37,6.3,5,High,Neutral,Weekday
U0166,30,Student,8,5.7,2.5,2.1,67,8.7,4,High,Neutral,Weekday
U0167,36,Working,10.2,3.6,3,3.1,143,6.2,7,High,Neutral,Weekend
U0168,34,Student,11,2.4,3.2,3.3,112,7.5,5,Medium,Neutral,Weekday
U0169,38,Student,8.7,3,5.7,1.1,85,5.6,8,High,Anxious,Weekend
U0170,31,Working,10.5,4,2.9,4.1,132,5.1,1,High,Anxious,Weekday
U0171,29,Working,7.1,4.3,3.2,2.4,131,4.8,5,Low,Happy,Weekday
U0172,38,Working,8.8,1.8,3.5,2.6,107,5.9,4,High,Neutral,Weekday
U0173,29,Freelancer,7.4,5.9,4.7,4.2,112,5.2,3,Medium,Anxious,Weekend
U0174,28,Working,7.9,3.7,2.5,2.5,59,5.3,5,Medium,Tired,Weekend
U0175,24,Freelancer,10.1,1.7,5.8,1.2,34,7.9,10,Medium,Neutral,Weekday
U0176,21,Student,11.2,5.5,5.5,1.7,148,4.6,3,Medium,Happy,Weekday
U0177,36,Freelancer,5.9,1.4,4.3,4.8,60,7,8,High,Happy,Weekend
U0178,18,Working,9.4,5.5,4.7,1.3,52,6.2,3,High,Happy,Weekend
U0179,20,Student,9.1,6,2.1,2.4,77,6.8,1,Medium,Tired,Weekday
U0180,30,Student,5.8,4.5,3.4,3,138,7,9,Medium,Anxious,Weekday
U0181,32,Student,6.5,4.9,5.2,3,69,5.9,9,High,Tired,Weekend
U0182,19,Freelancer,7.2,2.7,2.3,1,35,5.8,6,Medium,Neutral,Weekend
U0183,28,Working,6.2,5.7,3.1,3,67,7.8,10,Low,Happy,Weekend
U0184,21,Student,6.7,3.6,4.3,2.5,129,8.4,1,Medium,Tired,Weekend
U0185,36,Student,6.9,4.7,3,4.9,56,5.4,8,Medium,Tired,Weekend
U0186,34,Student,7.3,5.6,5.7,1.6,98,4.9,2,Low,Anxious,Weekday
U0187,20,Freelancer,10.2,5.9,2.5,2.4,86,8.5,9,Low,Anxious,Weekend
U0188,35,Freelancer,9,5.2,5.2,2.7,46,6.1,8,High,Happy,Weekday
U0189,25,Working,11.9,2.5,4,2.6,100,7,3,High,Tired,Weekend
U0190,39,Freelancer,7.9,5.8,5,3.7,76,6.1,5,Low,Tired,Weekday
U0191,36,Student,10.3,4.1,3.2,1.9,108,5.1,9,Low,Anxious,Weekend
U0192,22,Working,11.1,5.7,4.1,1.9,139,7.2,1,High,Tired,Weekend
U0193,24,Student,9.8,4.4,5.4,3.9,42,6.9,9,Medium,Tired,Weekday
U0194,38,Student,7.9,2.5,3.9,3,153,5.4,4,Low,Tired,Weekday
U0195,25,Freelancer,10.3,2.9,3.4,2.7,138,6.5,4,High,Anxious,Weekend
U0196,22,Working,6.4,3.8,4.1,1.7,119,8.1,4,Medium,Happy,Weekend
U0197,34,Freelancer,7.3,5,4.9,1.8,115,7.2,10,Low,Neutral,Weekend
U0198,22,Freelancer,8.8,2.6,3.8,1,121,4.9,9,Medium,Happy,Weekend
U0199,21,Working,9,3.9,5.8,1.4,53,7,6,High,Neutral,Weekend
U0200,39,Student,5.2,2.7,3.2,3.2,102,7.7,8,Low,Tired,Weekday
U0201,36,Student,11.6,5.1,3.9,4.6,33,8.1,4,Medium,Happy,Weekday
U0202,38,Working,9.9,3.3,5,2.1,142,7.3,3,Low,Neutral,Weekend
U0203,19,Student,8.5,1.4,4.8,2.3,75,5.2,1,Medium,Anxious,Weekday
U0204,28,Working,11.5,1.8,5.5,1.5,47,7.7,10,High,Anxious,Weekday
U0205,39,Working,8.1,1.3,6,2.6,72,7.5,7,High,Happy,Weekday
U0206,30,Freelancer,11.9,3.5,3.7,1.1,122,4.6,4,Low,Happy,Weekend
U0207,32,Working,8.6,1.5,2.4,4.7,132,6.4,8,Medium,Tired,Weekday
U0208,29,Freelancer,5.8,1.6,2.1,3.7,153,6,3,Low,Happy,Weekend
U0209,39,Student,10.4,5.7,4.9,5,39,7.5,1,Low,Tired,Weekday
U0210,38,Student,9.8,5.4,5.5,4.5,102,5.5,5,Medium,Tired,Weekend
U0211,39,Student,10.4,3.3,2.9,2.9,60,7.2,2,Medium,Anxious,Weekday
U0212,28,Student,11.7,5.9,2.6,3.1,89,8.6,3,Medium,Anxious,Weekend
U0213,24,Freelancer,10.4,1,2.2,1.8,147,8.1,6,High,Neutral,Weekend
U0214,22,Student,9.3,4.1,5.3,2.8,43,8.6,3,Low,Anxious,Weekday
U0215,34,Working,11,4.1,3.2,4.6,31,8.9,3,Low,Anxious,Weekend
U0216,37,Working,9.7,3.3,3.6,1.2,53,4.5,6,High,Happy,Weekend
U0217,26,Working,7.9,3,4,4.5,93,7.3,5,Medium,Anxious,Weekend
U0218,31,Freelancer,11.2,3.3,5.4,2.4,129,6.4,10,High,Neutral,Weekend
U0219,29,Student,6.6,3.1,4.6,4.6,143,8.4,9,High,Happy,Weekend
U0220,23,Student,10,4.7,4.5,4.8,53,5.6,1,High,Neutral,Weekend
U0221,34,Student,11.2,1.7,2.7,3.7,120,8.9,3,Low,Anxious,Weekend
U0222,36,Freelancer,10.1,2,4.1,3.7,55,7.3,3,High,Neutral,Weekend
U0223,36,Working,9.9,1.9,4.9,2.8,94,8.1,6,Low,Happy,Weekday
U0224,33,Working,10.3,2.3,5.9,4.3,149,4.9,8,Low,Tired,Weekday
U0225,29,Student,8.3,3.6,2.8,4.8,33,5.3,3,Low,Neutral,Weekend
U0226,29,Working,11.1,1.6,2,4.1,30,7.9,3,Medium,Neutral,Weekend
U0227,37,Working,6.4,5.3,2.3,3.5,79,4.6,6,Low,Happy,Weekday
U0228,23,Freelancer,5.9,2.5,3.5,3.4,139,8.2,8,Low,Happy,Weekday
U0229,21,Freelancer,7,1.8,5.3,4.4,103,4.6,6,Medium,Neutral,Weekday
U0230,23,Freelancer,8.7,4.4,2,3.2,91,7.5,10,Low,Anxious,Weekend
U0231,28,Freelancer,8.6,1.2,3.8,4.2,110,6.1,3,High,Neutral,Weekday
U0232,18,Student,10.7,4.1,3.3,3,85,7.3,4,High,Happy,Weekend
U0233,32,Freelancer,7.8,4.5,2.2,1.2,140,7.6,1,Low,Tired,Weekend
U0234,28,Working,8.4,2.1,3.8,2.5,50,6,8,Medium,Tired,Weekday
U0235,36,Student,5.1,1.2,3,2.8,38,5,4,High,Anxious,Weekend
U0236,35,Working,7.9,2.8,3.4,1.6,99,4.8,6,Medium,Neutral,Weekend
U0237,34,Working,9.5,1.5,4.8,1.4,158,7.2,3,Medium,Tired,Weekend
U0238,36,Working,5.1,1.6,4.1,3.1,147,6.8,6,High,Neutral,Weekend
U0239,38,Freelancer,7,2.3,2.5,1.3,85,7.8,9,Medium,Happy,Weekday
U0240,31,Freelancer,6.5,2.5,5.8,2.2,60,6.8,9,High,Tired,Weekday
U0241,35,Student,5.3,3.6,4.5,4,66,6.4,10,Medium,Anxious,Weekend
U0242,36,Student,8.4,4.4,5.1,4.9,120,6.3,3,High,Happy,Weekend
U0243,32,Freelancer,6.3,4,2.3,3.9,143,4.6,3,Low,Anxious,Weekday
U0244,32,Working,10.2,1.7,2.2,5,157,6,4,High,Happy,Weekend
U0245,21,Student,10.9,1.9,2.1,3.8,151,8.9,7,High,Tired,Weekday
U0246,24,Freelancer,8.8,5.4,2.8,2.2,98,8.4,3,High,Anxious,Weekend
U0247,30,Freelancer,11.9,3.8,3.7,3.7,65,6,10,High,Anxious,Weekend
U0248,20,Freelancer,8.2,5.3,5.7,3.8,61,7.1,8,Medium,Happy,Weekday
U0249,33,Working,8.6,2.9,3.8,2.5,93,8.3,8,Low,Anxious,Weekday
U0250,26,Freelancer,11.9,4.1,3.2,1.1,77,6.5,6,High,Happy,Weekday
U0251,25,Freelancer,6.6,3.6,4.2,3.8,110,4.6,4,Medium,Happy,Weekday
U0252,37,Freelancer,11.6,2.6,2.4,1.1,89,4.8,5,Low,Happy,Weekend
U0253,30,Freelancer,5.3,3.3,4.4,3.5,30,6.8,2,Low,Happy,Weekday
U0254,34,Student,8.1,3.5,4.3,1.7,94,8.9,6,Low,Tired,Weekend
U0255,34,Student,5.5,2,5.2,3.3,62,7.6,3,Low,Happy,Weekday
U0256,34,Freelancer,10.1,2.6,5.9,3,67,4.8,6,High,Neutral,Weekday
U0257,18,Working,9.3,5,3,1.1,54,5.4,5,High,Anxious,Weekend
U0258,25,Student,9.9,5.6,4,2.5,88,8,2,Medium,Neutral,Weekday
U0259,36,Freelancer,7.6,2.8,5.6,3.4,130,8.3,5,Medium,Tired,Weekday
U0260,23,Student,7.6,2.5,5.1,4.4,156,7.3,5,Medium,Neutral,Weekday
U0261,20,Student,5.3,2,3.9,4.6,70,7.4,9,Low,Anxious,Weekday
U0262,22,Working,7.4,4.4,5.8,2.9,86,4.6,8,Low,Neutral,Weekend
U0263,30,Freelancer,11.5,2.6,2.2,3.9,77,8.2,7,High,Tired,Weekend
U0264,32,Freelancer,7.7,5.9,5.7,2.3,101,8,3,Low,Happy,Weekday
U0265,31,Working,10.8,2.6,2.2,2.4,85,5.7,10,Low,Neutral,Weekday
U0266,33,Working,10.9,3,4.2,1.8,94,7.7,4,Low,Tired,Weekday
U0267,35,Freelancer,7.6,4,5.6,3.2,41,5.5,6,Medium,Tired,Weekend
U0268,39,Freelancer,9.4,5,3.1,2.3,98,4.7,3,Medium,Anxious,Weekend
U0269,39,Working,5.7,3.3,3.9,1.3,118,5.4,9,High,Anxious,Weekend
U0270,28,Student,5.7,3.1,3.3,3.7,54,5.3,8,Low,Neutral,Weekend
U0271,20,Student,5.3,6,5.8,3.8,30,6,6,Low,Happy,Weekday
U0272,39,Working,9.1,1.1,5.3,2.4,78,6.4,4,High,Tired,Weekday
U0273,27,Student,8,5.5,4.8,1.3,89,6.8,7,Low,Neutral,Weekday
U0274,27,Working,8.8,1.7,4.4,2.7,31,6.6,3,Low,Tired,Weekend
U0275,38,Student,8.6,4.9,5.3,2.8,102,5.7,10,Medium,Tired,Weekday
U0276,33,Student,7.5,4.1,3.6,3.7,139,4.6,8,High,Happy,Weekend
U0277,29,Freelancer,9.7,2.7,3.8,2.3,90,7.2,1,High,Happy,Weekend
U0278,19,Freelancer,10.3,5.4,4.9,3.7,46,6.3,3,High,Neutral,Weekday
U0279,26,Student,5.1,1.1,3.4,4.5,78,5.8,5,High,Happy,Weekday
U0280,20,Student,6.5,2.1,2.3,1.9,105,8.4,5,Medium,Happy,Weekday
U0281,32,Freelancer,10,3.8,2.3,4.9,72,7.9,10,Medium,Neutral,Weekend
U0282,20,Freelancer,7.7,2.8,2.5,2.5,86,8.4,2,Low,Happy,Weekend
U0283,36,Freelancer,9.6,4.1,5.5,2.1,79,6.7,10,Low,Anxious,Weekday
U0284,35,Working,7.4,1.1,3.9,2.7,66,5.1,8,Low,Tired,Weekday
U0285,25,Student,7.7,1.6,4.9,1.4,75,7.6,5,Low,Tired,Weekend
U0286,34,Freelancer,6.1,1.6,3.6,1.5,44,5.4,7,Medium,Tired,Weekday
U0287,25,Student,6.8,1.9,3,2.7,109,6.5,7,High,Tired,Weekend
U0288,24,Working,9.2,3.3,3.4,4,53,4.8,5,Medium,Neutral,Weekend
U0289,24,Working,8,4.8,5.2,4.6,154,8.2,8,Low,Tired,Weekday
U0290,20,Freelancer,10.4,5.5,4.5,3.7,147,5.1,9,Medium,Tired,Weekday
U0291,18,Working,11,5.2,5.8,1.4,109,8.6,4,High,Tired,Weekday
U0292,21,Student,8.8,2,4.7,3.7,123,8.4,4,High,Tired,Weekday
U0293,22,Freelancer,10.3,3.2,4.3,3.5,94,6.6,8,Medium,Anxious,Weekend
U0294,18,Student,7.1,2,4.4,4.2,117,7.8,1,Medium,Tired,Weekend
U0295,32,Student,7.9,2.3,5.8,4.3,117,7.3,4,Medium,Anxious,Weekend
U0296,22,Working,10,3.5,5.2,4.5,155,8.1,6,Low,Neutral,Weekday
U0297,30,Working,7.7,1.3,2.1,2.7,118,6.4,4,Medium,Happy,Weekend
U0298,25,Working,9.1,2.1,4.1,3.8,90,8,6,Medium,Tired,Weekday
U0299,25,Working,6.3,5.7,4.8,2.1,44,6.6,5,Medium,Happy,Weekday
U0300,22,Working,9.2,3.3,5,5,123,8.7,9,High,Happy,Weekday
U0301,26,Freelancer,11,3.2,2.9,1.7,80,6.7,10,High,Neutral,Weekday
U0302,18,Student,11.1,1.1,5.5,1,56,6.6,9,Low,Happy,Weekday
U0303,21,Student,10.1,2.2,5.8,1.6,103,8,4,Low,Anxious,Weekday
U0304,20,Student,10.2,5.3,2.9,4.1,90,8.2,4,High,Happy,Weekend
U0305,19,Student,8.9,1.8,5.5,2.8,60,7,8,High,Happy,Weekday
U0306,25,Working,9.1,3.1,2.4,2.8,41,5.3,10,High,Happy,Weekend
U0307,26,Student,5.9,1.1,2.2,4.8,75,6.6,4,Medium,Tired,Weekend
U0308,19,Freelancer,8.1,3.4,2.5,4.7,61,8.9,2,Medium,Tired,Weekday
U0309,31,Freelancer,8.2,1.1,2.2,2.2,90,7.9,2,High,Anxious,Weekday
U0310,31,Student,11.7,5.1,5.4,1.8,75,8.2,1,Medium,Anxious,Weekday
U0311,21,Student,8,5.1,2.2,4.4,114,4.6,5,Medium,Tired,Weekend
U0312,23,Freelancer,8.8,4.9,3.1,4.6,109,6.6,6,Low,Anxious,Weekday
U0313,28,Freelancer,8.7,2.4,2.4,3.2,33,7.4,9,High,Tired,Weekend
U0314,20,Working,9.5,5.2,3.2,3.5,81,8.2,5,High,Neutral,Weekday
U0315,25,Freelancer,10.2,3.7,2.4,2,141,4.7,6,Medium,Happy,Weekday
U0316,20,Working,6.6,2.9,4.7,4.2,65,8.3,6,High,Happy,Weekend
U0317,31,Working,8.7,4.1,2.5,3.5,83,7,3,Low,Anxious,Weekend
U0318,30,Working,10.8,1.1,5.4,3,148,5.4,4,Low,Tired,Weekday
U0319,30,Working,8.2,1.7,5.3,1.2,156,5.9,1,Low,Tired,Weekend
U0320,19,Working,6.9,4.7,2.1,4.7,46,5.8,4,High,Anxious,Weekend
U0321,30,Student,9.6,2.2,5.6,3.5,104,6.9,1,High,Tired,Weekend
U0322,36,Freelancer,10.8,4,2.1,1.8,134,4.7,5,High,Neutral,Weekend
U0323,23,Working,5.4,2.9,3,3.4,146,5.2,8,High,Happy,Weekend
U0324,33,Freelancer,10.4,5.3,2.1,3.7,72,8.2,8,High,Anxious,Weekday
U0325,19,Freelancer,10.8,5.8,3.3,3.1,141,5.1,5,Low,Anxious,Weekday
U0326,25,Working,8.2,5.4,4.1,3.9,144,5.6,10,Medium,Tired,Weekend
U0327,34,Student,11.9,2.4,5.2,3.3,56,6.5,2,Low,Anxious,Weekday
U0328,19,Working,10.5,2,3.4,4.8,66,6.8,6,High,Neutral,Weekday
U0329,27,Student,10.4,3.4,4.8,1.2,75,7.9,1,Low,Tired,Weekend
U0330,33,Freelancer,10.2,1,2.8,1.4,142,6.5,7,High,Tired,Weekday
U0331,23,Student,6.1,1.1,5,1.7,64,8.1,4,High,Tired,Weekend
U0332,19,Student,6.5,3.8,2.9,3.8,109,7.3,5,Low,Tired,Weekend
U0333,19,Student,8.2,3.6,2.6,3.6,109,5,6,High,Neutral,Weekday
U0334,30,Freelancer,6.8,6,2.7,4.6,150,5.2,1,Medium,Tired,Weekend
U0335,32,Freelancer,7.9,2,2.7,3.9,151,6.5,9,High,Anxious,Weekend
U0336,19,Student,11.2,2.3,4.1,3,110,6.3,10,Medium,Neutral,Weekend
U0337,24,Student,10.8,1.6,5.4,5,148,7.8,4,Medium,Happy,Weekend
U0338,20,Working,9.4,5.6,2.3,2.1,87,7.1,8,High,Happy,Weekend
U0339,25,Student,11,4.9,4.8,4.3,92,6.2,5,Low,Anxious,Weekday
U0340,31,Working,10.5,5.1,4.6,2.7,129,5.3,8,Medium,Anxious,Weekday
U0341,39,Student,8,5.5,5.5,3.6,95,5.5,1,Low,Neutral,Weekend
U0342,24,Working,6.4,3.6,3,3.9,114,7.1,8,Medium,Happy,Weekend
U0343,38,Freelancer,8.6,3.3,3.8,3.5,152,6.4,4,High,Happy,Weekday
U0344,24,Student,10.2,2.7,5.7,1.6,31,6.8,2,High,Happy,Weekend
U0345,18,Student,8.1,3.9,4.6,2.8,135,5.3,6,Medium,Happy,Weekday
U0346,34,Student,9.7,3.3,3.6,3.2,137,7.5,2,High,Happy,Weekend
U0347,26,Student,5.7,3.3,2.5,4.4,101,8.3,5,Medium,Tired,Weekend
U0348,38,Working,10.2,5.7,3,2.8,155,5.7,2,High,Anxious,Weekend
U0349,30,Student,10.7,5.9,4.3,4.7,86,6.7,3,Low,Tired,Weekend
U0350,38,Freelancer,9.9,5,4.9,2.8,110,8.9,6,High,Happy,Weekend
U0351,36,Freelancer,11.8,4.8,2.5,3.2,48,6,1,Low,Neutral,Weekend
U0352,38,Student,10.8,4.4,4.4,4.2,36,7.2,6,High,Neutral,Weekend
U0353,36,Freelancer,11.3,1.8,4.2,3.3,83,4.9,3,Low,Happy,Weekday
U0354,39,Student,11.5,1.3,4.1,4.8,133,7.2,7,High,Happy,Weekday
U0355,34,Student,10.6,4.5,4.8,3.6,115,4.9,2,Low,Neutral,Weekday
U0356,27,Freelancer,9.7,4.6,5.3,3.1,111,8.8,6,Medium,Tired,Weekend
U0357,27,Student,5,1.2,3.3,1.1,90,7.7,8,Medium,Tired,Weekend
U0358,21,Freelancer,8.3,5.6,5.6,2.7,116,8,1,Low,Happy,Weekend
U0359,25,Working,9,1.5,2.6,2.2,31,7.7,9,High,Tired,Weekend
U0360,39,Student,7.1,2.4,2.7,4,60,7.2,5,Low,Neutral,Weekend
U0361,37,Working,7.2,4.4,3.1,1.8,62,6.5,5,High,Tired,Weekend
U0362,37,Freelancer,11.7,1.8,2.5,1.8,109,8.4,5,Medium,Happy,Weekend
U0363,35,Working,11.2,1.3,2.9,1.8,40,8.8,6,High,Neutral,Weekday
U0364,31,Working,10.9,2.7,2.4,1.5,157,6.7,2,Medium,Tired,Weekend
U0365,35,Freelancer,7.8,4.8,5.3,2.2,157,8.7,6,High,Anxious,Weekday
U0366,31,Working,5.1,3.1,2.6,4.5,60,7.1,4,High,Neutral,Weekday
U0367,37,Working,5.6,4.3,5,4.1,155,6.9,8,High,Neutral,Weekend
U0368,38,Freelancer,7.2,3.9,2.2,3.9,76,6.5,9,Low,Anxious,Weekend
U0369,32,Working,5.1,1.1,5.8,4.2,136,5.4,9,Low,Anxious,Weekday
U0370,39,Freelancer,5.1,5.9,4.8,2.1,48,4.5,8,Medium,Neutral,Weekday
U0371,21,Working,11.4,1.2,2,4.5,110,5.6,3,Medium,Anxious,Weekend
U0372,30,Freelancer,9.9,5.8,5.1,1.5,152,6.8,10,Low,Happy,Weekend
U0373,25,Freelancer,7.2,3.7,4.1,2.3,136,6.2,4,Medium,Happy,Weekday
U0374,35,Working,5.9,5.8,5.1,3.3,78,6.5,1,Low,Happy,Weekend
U0375,29,Working,8.6,1.6,4.1,1.4,102,8.9,9,High,Neutral,Weekend
U0376,31,Working,5,3.5,4.6,3.9,79,6.1,5,Medium,Anxious,Weekend
U0377,19,Student,11.6,1.8,5.1,2.5,110,6.5,6,Medium,Anxious,Weekday
U0378,35,Student,7.9,1.3,3.6,4.1,124,5.1,3,Low,Tired,Weekday
U0379,19,Student,7.8,4.1,2,3,41,4.7,10,Medium,Tired,Weekday
U0380,28,Freelancer,7.7,2,5.4,1.7,52,8,8,Medium,Anxious,Weekend
U0381,26,Working,5.5,3.9,3.5,3.9,83,7.1,7,High,Anxious,Weekend
U0382,29,Freelancer,9.5,1.6,4,2,147,7.9,1,Medium,Anxious,Weekday
U0383,34,Student,10.1,2.7,2,3,88,5.2,10,High,Neutral,Weekday
U0384,32,Working,9.7,4.9,4,1.3,32,7.1,5,Low,Anxious,Weekday
U0385,34,Freelancer,6,3.2,5.9,3.5,87,5.6,10,Medium,Tired,Weekend
U0386,35,Working,9.1,4.1,3.1,3.7,86,5.5,9,High,Neutral,Weekday
U0387,39,Freelancer,9,4.2,3.6,2.5,119,4.6,6,Low,Anxious,Weekday
U0388,23,Working,11.1,5.2,4.7,4.8,84,5.1,8,Medium,Tired,Weekend
U0389,34,Student,7.7,2.6,5.3,4.5,74,5.9,10,Low,Neutral,Weekend
U0390,35,Student,7.6,4.4,3.7,3.8,30,5,1,Medium,Anxious,Weekend
U0391,25,Working,9.3,5.8,3.2,3.9,50,8.9,10,Low,Anxious,Weekday
U0392,26,Freelancer,9.4,4.7,5.8,2,50,5.9,7,Low,Anxious,Weekend
U0393,23,Student,8.3,3.4,4.7,3.6,81,5.1,3,High,Neutral,Weekend
U0394,22,Student,8.1,4.2,2.5,1.8,111,5.4,9,Low,Tired,Weekday
U0395,29,Student,8.5,4.7,2.3,1.6,96,7.1,6,Medium,Tired,Weekend
U0396,28,Working,11,4.1,3.9,5,142,4.8,5,Medium,Happy,Weekday
U0397,18,Working,8.2,1.1,2.9,3.5,73,8.4,8,High,Anxious,Weekday
U0398,28,Freelancer,11.6,2,3,2.7,39,8.8,8,Medium,Happy,Weekend
U0399,36,Freelancer,8.5,5.1,5.5,2.2,93,5.6,3,Medium,Happy,Weekend
U0400,26,Freelancer,11.6,2.4,2.4,3.4,98,6.5,2,Medium,Tired,Weekend
U0401,19,Working,10.8,4.7,4.9,1.2,97,4.6,2,Low,Neutral,Weekend
U0402,29,Working,7.5,2.9,3.1,1.4,57,7.4,5,Low,Neutral,Weekend
U0403,21,Freelancer,11,3.6,5,1.1,145,6.4,10,Medium,Tired,Weekend
U0404,21,Freelancer,5.8,1.3,4.9,3,80,5.7,7,High,Neutral,Weekday
U0405,35,Working,11.5,1.9,2,3.4,33,5.4,8,Low,Happy,Weekday
U0406,32,Freelancer,9.4,5.8,4,1.2,108,7.4,10,High,Anxious,Weekend
U0407,36,Student,5.4,5.5,2.6,3.9,46,6.4,8,Medium,Tired,Weekday
U0408,30,Working,9.5,4.3,5.5,1.9,137,5.3,8,Medium,Anxious,Weekend
U0409,36,Freelancer,11.8,3.3,5.5,3.7,103,7.6,10,Low,Neutral,Weekday
U0410,34,Working,5.5,4.4,3.7,4.9,52,7,3,Medium,Anxious,Weekday
U0411,23,Student,8.9,4.1,3.8,3.8,47,8.4,2,Low,Neutral,Weekday
U0412,33,Working,10.2,3.8,3.2,4.5,158,5,4,Medium,Neutral,Weekend
U0413,29,Working,10.7,1.3,4.9,4.8,64,8,1,Medium,Happy,Weekday
U0414,36,Working,7.9,4.2,3.4,2.9,93,7.5,3,Low,Neutral,Weekend
U0415,22,Working,6.4,4.8,3.1,3.8,88,5,9,Low,Happy,Weekday
U0416,34,Student,5.3,6,3.7,4.4,30,7.6,7,Low,Happy,Weekday
U0417,18,Working,9.1,1.1,2.4,2.4,96,6.5,7,Medium,Happy,Weekday
U0418,27,Working,8.2,4.7,5,2,66,8.8,1,Medium,Tired,Weekday
U0419,32,Freelancer,11.6,3.9,2.1,4.8,58,5.1,7,High,Tired,Weekday
U0420,38,Working,5.4,3.2,4.6,3.9,118,7.4,10,Low,Neutral,Weekend
U0421,38,Freelancer,9.8,1.6,2.7,1.9,129,6.2,7,Medium,Happy,Weekend
U0422,28,Student,5.2,3,2.9,2.8,151,8.8,4,Medium,Tired,Weekday
U0423,30,Student,6.2,2.8,4.5,4.2,119,6,7,Low,Happy,Weekday
U0424,22,Student,8.2,2.5,6,3.2,43,8.8,8,High,Anxious,Weekday
U0425,18,Student,8.2,4.7,5.1,3.6,114,8.6,3,Low,Anxious,Weekday
U0426,29,Freelancer,9.8,4.5,2.9,4,50,5.7,10,High,Anxious,Weekend
U0427,28,Working,11.4,3.9,2.7,3.5,55,8.1,2,Medium,Neutral,Weekday
U0428,34,Student,9.5,5.7,5.5,3.2,70,9,7,High,Happy,Weekend
U0429,21,Working,11.7,2.7,3.8,4,151,5.6,5,Medium,Anxious,Weekday
U0430,32,Freelancer,11.2,2.2,2.5,3.9,67,6.5,5,Low,Tired,Weekend
U0431,26,Freelancer,9.1,4.3,5.4,3.5,117,6.8,5,Low,Anxious,Weekday
U0432,38,Freelancer,10.8,2,5.3,2.4,40,5.8,7,Low,Anxious,Weekday
U0433,37,Student,9.5,2.6,5.9,2.6,58,4.6,9,High,Anxious,Weekend
U0434,36,Working,5.5,2.1,5.6,4.9,89,5.5,8,Medium,Neutral,Weekday
U0435,36,Working,10.2,1.3,5.4,1.4,90,5.8,6,Low,Tired,Weekday
U0436,29,Working,5.7,5.1,2.2,2.1,51,6.5,7,Low,Happy,Weekday
U0437,22,Freelancer,9.2,2.3,2.4,3,107,5.3,9,Medium,Tired,Weekend
U0438,27,Student,9.9,3.4,4.3,4.3,142,8.4,6,Low,Happy,Weekday
U0439,34,Freelancer,5.5,1.2,4.1,1.7,152,7.7,1,Medium,Neutral,Weekday
U0440,22,Freelancer,6.6,4.5,3.8,2.1,73,4.9,4,Medium,Neutral,Weekend
U0441,39,Working,11.4,2.7,3.6,1.3,126,7.4,8,Medium,Neutral,Weekend
U0442,33,Freelancer,9.3,4.7,3.7,3.8,106,7.4,7,Medium,Neutral,Weekend
U0443,24,Working,6.7,3.1,4.3,2,84,8.8,3,Medium,Happy,Weekday
U0444,26,Student,9.8,2,2,2.6,80,4.5,10,High,Anxious,Weekday
U0445,20,Working,9.2,3.6,3,2.8,131,5.6,3,Low,Happy,Weekday
U0446,32,Student,8.5,1.7,4.1,4.6,58,8.7,3,High,Tired,Weekend
U0447,33,Working,11.8,3.2,4.9,2.6,98,8.7,1,Low,Neutral,Weekday
U0448,35,Freelancer,9.8,2.6,2.7,1.6,109,7.7,10,High,Neutral,Weekday
U0449,31,Freelancer,7.6,5.6,4.2,3.1,60,7.9,1,Medium,Tired,Weekend
U0450,20,Student,10.6,1.3,4.9,4.9,141,4.9,6,Low,Happy,Weekend
U0451,29,Student,11.2,4.5,3.8,3.4,75,6.8,1,Low,Anxious,Weekend
U0452,26,Student,5.9,1.9,2.1,4.9,126,5.5,5,High,Anxious,Weekend
U0453,24,Working,6.4,2.6,3.8,4.4,81,5.3,4,High,Tired,Weekend
U0454,26,Working,6.5,3.1,3.2,1.1,103,8.1,5,Low,Anxious,Weekday
U0455,30,Student,9.8,5.5,5.7,3.6,70,5.1,7,High,Happy,Weekend
U0456,35,Freelancer,9.2,2.2,2.5,2.1,106,6.6,6,High,Happy,Weekday
U0457,22,Working,9.3,1.5,4.6,3.2,143,8.7,9,High,Tired,Weekday
U0458,30,Working,11.6,2.6,2.2,2.1,81,5.3,6,Medium,Happy,Weekend
U0459,21,Working,10.4,1.5,3.8,2.4,116,8.9,9,Medium,Neutral,Weekend
U0460,19,Student,5.9,1.6,4.2,4.7,138,9,4,High,Tired,Weekend
U0461,33,Student,7.4,3.9,3.2,1.8,98,7,1,High,Happy,Weekday
U0462,26,Student,8,1.3,3.8,4.5,149,5.3,1,Medium,Tired,Weekend
U0463,26,Student,7.8,1.2,2.7,1.1,96,5.9,10,Medium,Anxious,Weekend
U0464,23,Student,9.7,4.6,3.2,1.4,90,6.4,7,Low,Happy,Weekend
U0465,28,Freelancer,11.2,2.8,4.5,4.4,100,5.9,3,Low,Neutral,Weekend
U0466,39,Freelancer,7.1,1.6,3.2,3.5,59,5.8,2,Medium,Happy,Weekend
U0467,39,Student,8.9,2.3,5.6,4,125,8.9,6,High,Tired,Weekday
U0468,18,Working,10.5,4.2,4.5,1.8,85,5.2,6,High,Tired,Weekday
U0469,21,Student,7.9,2.4,3.8,3.1,82,7.8,7,High,Happy,Weekday
U0470,30,Freelancer,6.2,3.5,2.2,3.9,36,4.5,5,High,Neutral,Weekend
U0471,30,Freelancer,8.3,1.6,4,3.5,126,7.2,8,Low,Neutral,Weekend
U0472,30,Working,5.4,3.9,5.1,2.9,142,8.6,7,Medium,Neutral,Weekend
U0473,19,Freelancer,11.6,2.6,3.1,4.8,154,5.8,2,High,Tired,Weekday
U0474,26,Student,5.5,4.1,5.2,3.7,150,5.3,1,Low,Happy,Weekend
U0475,25,Working,8.1,5,3,4.6,67,7.4,9,High,Anxious,Weekend
U0476,24,Student,8.7,4.1,5.3,3.9,151,7.7,5,Medium,Tired,Weekend
U0477,21,Student,11.9,2.5,2.3,3.9,55,7.6,5,Low,Neutral,Weekday
U0478,35,Working,6.2,2.3,5.5,1.3,158,5.9,10,Medium,Happy,Weekend
U0479,20,Student,5.8,2.6,4,2.4,33,5.6,4,Medium,Neutral,Weekday
U0480,23,Freelancer,5.1,1.8,3.2,4.4,68,8.8,2,Low,Anxious,Weekend
U0481,29,Student,6.1,1.9,3.1,1.9,83,8.7,5,Low,Neutral,Weekday
U0482,29,Working,6.5,5,3.7,1.5,62,6.6,2,Low,Neutral,Weekday
U0483,38,Working,9.4,2.9,6,2.3,49,8.3,7,Low,Anxious,Weekday
U0484,25,Working,6.5,3.2,2.9,1.9,45,6.5,9,Low,Happy,Weekend
U0485,39,Student,5.1,4,2.4,4.7,156,6.4,9,Low,Tired,Weekend
U0486,39,Working,10.8,3.9,4.3,4.5,116,5.2,6,Low,Happy,Weekday
U0487,18,Working,7.6,1.3,4,3,111,6.4,1,High,Anxious,Weekday
U0488,21,Student,7.5,5.2,4.1,1.2,91,6.9,6,Medium,Neutral,Weekend
U0489,38,Freelancer,7.1,1.9,4.7,3.9,60,4.6,5,Low,Happy,Weekend
U0490,28,Student,11.8,4.6,3.1,3.5,71,6.5,4,High,Tired,Weekday
U0491,20,Working,6.2,4.9,5.6,4.9,41,8,6,High,Anxious,Weekend
U0492,30,Working,11.3,4.6,3.7,3.2,94,7.6,6,High,Happy,Weekend
U0493,34,Student,10.4,3.9,2.5,2.3,102,7.4,6,Medium,Tired,Weekend
U0494,39,Freelancer,5.5,1.1,5,3.1,144,8.6,2,Low,Anxious,Weekend
U0495,39,Working,11.9,2.8,4.6,4.9,135,4.6,7,High,Tired,Weekday
U0496,27,Working,6.9,4,3.3,3.8,45,7,4,Medium,Anxious,Weekend
U0497,38,Working,5.7,2.9,4.5,3.7,107,8,9,Medium,Neutral,Weekend
U0498,29,Student,10.8,5.3,2.9,2,154,6.9,10,Medium,Happy,Weekday
U0499,32,Working,9.9,2.5,3.8,4,159,6,2,High,Tired,Weekday
U0500,38,Freelancer,9.3,2.5,5.6,4,141,5.1,5,Low,Anxious,Weekend
U0501,27,Working,6.1,2.3,2.5,2.3,156,8.5,4,High,Tired,Weekend
U0502,31,Working,8.3,2.7,3.5,2.9,50,6.6,9,High,Tired,Weekend
U0503,30,Freelancer,10.5,3.8,5.3,2.2,118,8.5,4,Low,Happy,Weekend
U0504,22,Working,7.1,4.5,5.9,2,76,7.1,8,Low,Neutral,Weekday
U0505,23,Student,7.2,4.3,3.8,1.1,114,7.5,8,Low,Tired,Weekday
U0506,19,Student,5,5,4,2.1,157,8.1,6,Medium,Anxious,Weekday
U0507,39,Student,6.2,5.4,4.3,3.2,101,7.5,6,Low,Anxious,Weekend
U0508,34,Freelancer,11.1,5.1,5.7,1,71,6.3,8,High,Neutral,Weekend
U0509,21,Working,8.1,1.1,5.4,2.1,38,6.8,10,Low,Anxious,Weekend
U0510,31,Student,11.9,4.7,2.7,4.5,54,8.1,9,High,Neutral,Weekend
U0511,27,Freelancer,7.8,2,3.7,3.4,31,6.2,5,Medium,Anxious,Weekday
U0512,20,Working,10,1.7,3.9,3.4,48,6.2,1,High,Happy,Weekday
U0513,20,Freelancer,7,4.2,5.2,2.6,49,4.9,1,High,Tired,Weekend
U0514,32,Student,7.5,2.6,4.4,3.7,99,8.6,2,Low,Happy,Weekday
U0515,23,Student,6.3,1.3,4.6,1.8,46,4.9,10,Low,Tired,Weekend
U0516,34,Student,7.4,1.7,6,4.3,153,7.4,10,High,Tired,Weekend
U0517,29,Freelancer,8.8,1,2.3,1.5,118,6.4,5,Low,Tired,Weekday
U0518,39,Freelancer,11.9,5.5,2.9,3.6,123,6.3,4,Medium,Happy,Weekend
U0519,37,Student,9.6,1.1,3.6,2.4,113,7.6,1,Medium,Tired,Weekend
U0520,28,Freelancer,6.4,2,3.4,4,116,4.8,4,Low,Happy,Weekday
U0521,21,Student,5.3,3.1,2.1,3.2,80,7.2,4,Medium,Neutral,Weekend
U0522,23,Student,5.9,2.8,2.4,2.8,111,8,10,Low,Anxious,Weekend
U0523,18,Working,8.9,5.6,4.7,1.7,37,8.2,4,High,Anxious,Weekday
U0524,37,Freelancer,10.4,1.2,5.5,3.5,150,5.3,1,High,Tired,Weekend
U0525,33,Student,11.6,3.6,4.1,4.9,33,8.5,9,Medium,Happy,Weekday
U0526,32,Student,5.1,4.4,4.2,4.3,115,7.5,3,Low,Anxious,Weekend
U0527,34,Freelancer,8.7,5.7,3,1.2,157,8.5,4,Low,Happy,Weekday
U0528,25,Working,8.3,4.1,5.1,2.5,139,6.7,5,Medium,Happy,Weekday
U0529,29,Working,9.6,5,5,4.7,128,6.9,7,High,Tired,Weekday
U0530,39,Student,8.9,1.4,4.4,3,66,8.6,6,Medium,Anxious,Weekend
U0531,38,Freelancer,9.8,2.9,2.9,3.6,100,8.5,5,High,Tired,Weekday
U0532,27,Working,9.6,2.9,2.4,4.7,62,6.5,8,Low,Tired,Weekday
U0533,32,Freelancer,5.8,5.4,2.3,4.5,60,5.7,1,High,Anxious,Weekday
U0534,26,Freelancer,10.6,1.8,4.4,3,154,6.3,7,Medium,Anxious,Weekday
U0535,19,Student,5.9,1.8,5.3,2.8,41,6.2,6,Low,Neutral,Weekday
U0536,22,Working,9.9,2.6,5.4,2.4,40,5.8,5,Medium,Neutral,Weekend
U0537,23,Student,7.9,1.3,3.9,3.9,117,5.7,7,Medium,Happy,Weekend
U0538,24,Working,8.6,1.9,5.1,2.1,101,8.4,3,High,Anxious,Weekend
U0539,38,Working,11.3,5.8,5.8,2,61,4.8,1,Medium,Neutral,Weekend
U0540,18,Working,11.2,3.1,3.1,2.4,86,7.5,9,High,Happy,Weekend
U0541,24,Working,10.7,4.2,3.6,1.7,115,5.3,2,Low,Happy,Weekend
U0542,37,Working,8.6,4.6,5.7,3.8,48,6.1,10,High,Happy,Weekend
U0543,29,Freelancer,10.2,2.8,3.4,3.5,145,4.8,3,Low,Neutral,Weekday
U0544,33,Student,8.6,1.7,5.7,2.9,43,5.7,8,High,Anxious,Weekend
U0545,33,Freelancer,11.1,2,5.9,2.6,62,8,10,Medium,Tired,Weekday
U0546,28,Working,7.8,2.6,4.6,4.6,39,8.5,9,High,Happy,Weekday
U0547,38,Student,11.8,4.2,5.3,1.1,109,5.5,3,High,Neutral,Weekend
U0548,21,Working,11.5,3,5,4.1,93,6.6,6,Low,Neutral,Weekday
U0549,30,Student,10.2,1,4.8,4.6,97,6.6,7,Medium,Tired,Weekday
U0550,24,Freelancer,7,3.6,3.2,2.8,121,8.4,1,High,Tired,Weekday
U0551,21,Student,5.9,5.6,2.2,3.2,154,7.9,7,Medium,Neutral,Weekday
U0552,32,Student,11,5.1,3.4,4.8,109,6.8,4,High,Anxious,Weekend
U0553,36,Student,6.2,5.1,4.7,1.8,88,7.5,5,High,Tired,Weekend
U0554,26,Student,11,5,2.4,3.1,126,8.3,8,Medium,Neutral,Weekend
U0555,28,Student,8.4,2.6,2,2.9,48,4.5,4,High,Tired,Weekend
U0556,25,Working,7.8,4.8,2.6,2,51,6.3,4,Medium,Anxious,Weekend
U0557,18,Student,11.3,1.7,4.9,4.3,38,8.6,8,High,Happy,Weekend
U0558,25,Student,9.2,4.3,5.9,4.6,38,7.8,5,Low,Tired,Weekend
U0559,30,Freelancer,9,4.2,5.9,4.1,56,6.9,6,Medium,Anxious,Weekend
U0560,39,Student,8.9,1.1,4,1.8,46,6.9,5,High,Neutral,Weekend
U0561,21,Freelancer,7.6,4.9,5.5,1.3,74,6.1,1,High,Tired,Weekend
U0562,25,Working,10.5,5.5,4.9,3.4,37,6.8,7,Low,Tired,Weekday
U0563,20,Student,6.8,2.3,4,1.2,154,7.4,6,Medium,Neutral,Weekend
U0564,26,Freelancer,11.6,5.1,4.3,3.7,152,6.4,2,High,Happy,Weekday
U0565,19,Freelancer,11.3,1.4,2.5,3.1,62,7.7,7,Low,Neutral,Weekday
U0566,19,Working,7.4,4,5.8,3.7,30,8.4,6,High,Tired,Weekday
U0567,30,Student,10.1,3.4,3.4,3.4,35,5.2,5,Medium,Neutral,Weekday
U0568,32,Student,9,3.7,3.8,2.7,70,6.5,8,High,Anxious,Weekend
U0569,29,Freelancer,7.4,5.6,4.7,1.8,34,6.3,5,High,Neutral,Weekday
U0570,21,Student,11.9,5.4,3.3,2.2,109,7.6,2,High,Tired,Weekend
U0571,25,Freelancer,5.2,4.9,3,3.1,47,5.6,6,High,Neutral,Weekend
U0572,26,Student,6.8,2.4,4.5,3.6,111,7.4,1,Low,Happy,Weekday
U0573,22,Freelancer,8.6,5.6,2.1,4.1,94,8.4,5,Low,Neutral,Weekend
U0574,37,Student,8.7,1.5,4.9,4.1,112,6.4,6,Medium,Happy,Weekday
U0575,35,Working,9.1,5.3,4.1,4.9,54,8.6,7,Low,Anxious,Weekday
U0576,28,Student,10.3,2.6,4.4,2.1,98,9,2,Low,Happy,Weekend
U0577,32,Student,9.4,1.3,4.5,1.3,111,5,1,Medium,Neutral,Weekend
U0578,39,Working,9.2,4.3,4.1,2.4,146,5.5,6,Low,Tired,Weekday
U0579,26,Student,5.4,2.2,4.3,4,124,8.8,3,Low,Happy,Weekend
U0580,34,Working,7.6,2.2,4.7,2.8,62,8.8,5,Medium,Anxious,Weekend
U0581,29,Student,6.6,2.5,5,4.3,140,4.9,2,Medium,Happy,Weekend
U0582,24,Freelancer,6.9,1.3,4.9,3.2,154,4.6,1,Medium,Happy,Weekday
U0583,27,Freelancer,8.9,1.9,5.5,4.7,45,5.2,1,High,Happy,Weekday
U0584,27,Student,6.4,1,2.8,4.8,109,9,4,High,Anxious,Weekend
U0585,30,Student,7.1,3.2,3.6,1.3,67,5.3,10,Medium,Neutral,Weekend
U0586,36,Student,6.7,1.4,5.8,2.8,107,6.8,2,Medium,Happy,Weekend
U0587,28,Freelancer,11.6,4.4,3.6,3.4,92,8.3,1,Medium,Happy,Weekend
U0588,30,Student,11.6,2.2,2.5,2,141,4.6,6,High,Tired,Weekend
U0589,38,Freelancer,9.3,5.7,4.1,2.6,118,7.2,4,High,Anxious,Weekday
U0590,25,Working,11.5,5.4,2.4,3.7,67,5.7,10,Low,Happy,Weekend
U0591,25,Freelancer,10.5,2.4,2.8,1.9,81,8.4,7,Low,Anxious,Weekday
U0592,21,Freelancer,9.1,4.9,6,3.4,58,5.8,6,Medium,Happy,Weekend
U0593,32,Working,5,5,4.2,3.8,105,7.6,5,High,Neutral,Weekday
U0594,28,Freelancer,10.4,5.9,3.1,1.4,93,7.5,10,High,Neutral,Weekend
U0595,28,Student,9.9,4,6,3,120,5.5,2,High,Happy,Weekday
U0596,18,Student,9.3,1.4,5.9,2.1,118,4.7,5,Medium,Neutral,Weekend
U0597,34,Freelancer,10.3,4.2,3.8,3.9,42,6.3,9,Low,Happy,Weekday
U0598,32,Student,8.6,4.1,3,1.8,101,5.8,9,Medium,Neutral,Weekday
U0599,37,Freelancer,9.9,4.2,5.4,4.6,34,8.1,2,Low,Tired,Weekday
U0600,23,Student,11.5,2.5,4.9,2.7,41,8.1,7,Low,Tired,Weekday
U0601,39,Student,7.6,5.3,4.7,1.8,32,6.6,10,Medium,Tired,Weekday
U0602,32,Freelancer,10,5.8,5.6,2.8,62,7.2,4,Low,Anxious,Weekday
U0603,26,Student,8.3,2.1,4.8,2.6,150,7.2,3,Low,Anxious,Weekend
U0604,31,Freelancer,9.7,1.4,3.1,2.7,79,8.2,1,High,Tired,Weekday
U0605,35,Student,10.3,2,4.8,3.3,58,6.4,3,Low,Anxious,Weekend
U0606,34,Student,5.3,5.1,3.2,3.1,68,5.7,9,Medium,Neutral,Weekend
U0607,35,Working,9.5,4.4,5,1.6,120,5.7,9,Medium,Happy,Weekend
U0608,22,Working,6.6,4.2,4.5,1.3,129,6.9,7,Low,Happy,Weekend
U0609,37,Freelancer,9.7,3,2.3,3.9,46,6.5,3,High,Happy,Weekend
U0610,37,Working,8.3,3.9,4.1,3.2,85,6.5,3,High,Tired,Weekday
U0611,26,Freelancer,10.4,2.5,3.4,2.4,75,4.9,4,Low,Anxious,Weekday
U0612,28,Working,5.9,3.4,3.3,4.2,96,7.7,7,Low,Neutral,Weekday
U0613,39,Student,9.4,5,4.4,2.6,96,5.5,7,Medium,Neutral,Weekend
U0614,18,Freelancer,6.9,5.9,3.3,4.2,52,5.4,2,Low,Tired,Weekday
U0615,35,Freelancer,11,5.7,5.1,2.2,123,6.4,5,High,Neutral,Weekday
U0616,23,Student,11.5,5.7,2.3,1.3,83,5.5,7,Low,Neutral,Weekday
U0617,19,Freelancer,12,3,4.6,4.7,106,7.1,7,Medium,Neutral,Weekday
U0618,32,Freelancer,10.6,3.3,5.2,2.6,45,6.2,6,Medium,Neutral,Weekday
U0619,38,Working,10.3,4.5,4.7,4.2,70,6.5,10,Medium,Anxious,Weekend
U0620,31,Freelancer,6.5,5.6,4,2.1,127,6.9,10,Medium,Neutral,Weekday
U0621,22,Student,7.4,1.7,5.8,3.6,157,5.4,8,Medium,Happy,Weekend
U0622,23,Working,8.3,2.5,3.2,4.5,90,5.2,3,Low,Tired,Weekend
U0623,23,Working,10.4,1.7,2.1,1.2,115,8.5,1,Low,Anxious,Weekend
U0624,39,Student,11.4,4.1,3.7,4.3,147,6.5,3,Low,Neutral,Weekend
U0625,35,Student,6.3,2.5,2.1,3.3,129,6.4,2,Low,Anxious,Weekend
U0626,31,Working,11.5,2.6,5.8,3.4,78,4.7,2,Medium,Neutral,Weekday
U0627,27,Freelancer,9.9,1.4,2.8,3.1,31,6.7,2,High,Happy,Weekday
U0628,31,Working,9.3,2.7,5.2,4.5,149,7,5,Low,Tired,Weekday
U0629,30,Student,6.4,5.3,5.1,1.2,152,7,1,High,Neutral,Weekend
U0630,20,Working,5.4,2.2,2.9,2,115,7.7,10,Low,Neutral,Weekday
U0631,23,Student,9,4.5,4.5,4.5,106,5.3,4,Low,Neutral,Weekday
U0632,25,Working,9.6,4.1,2.2,4,88,5.6,10,High,Neutral,Weekend
U0633,29,Freelancer,6.5,5.3,3.9,1.1,41,8.1,5,Medium,Tired,Weekend
U0634,30,Working,8.9,1.7,2.1,3.1,33,8.8,2,Low,Tired,Weekend
U0635,28,Working,11,5.9,5.7,3.1,146,5.1,5,Low,Happy,Weekend
U0636,29,Student,10.8,3.9,5.9,2.6,124,6.7,10,Low,Tired,Weekday
U0637,18,Student,11.5,6,2.9,2.2,154,5.5,4,High,Neutral,Weekend
U0638,34,Student,7.6,5.6,2.8,3.7,70,4.8,8,Medium,Happy,Weekend
U0639,33,Working,7.2,2.1,5,1.8,152,6,1,High,Happy,Weekday
U0640,28,Freelancer,10.2,1.3,3,4.2,36,5.1,5,High,Happy,Weekday
U0641,30,Student,8,2.3,5.6,4.2,98,7.7,10,Medium,Neutral,Weekend
U0642,35,Student,5.6,3.6,4.3,2.7,98,6.9,1,High,Anxious,Weekday
U0643,28,Working,7,1.9,3.4,2.1,110,5.1,10,Medium,Neutral,Weekend
U0644,29,Student,7.9,1.8,5.3,2.1,59,4.5,10,Low,Tired,Weekend
U0645,23,Freelancer,7,3.3,4,2.9,102,8.1,4,Medium,Tired,Weekday
U0646,26,Freelancer,7.3,1.2,5.6,3.9,35,5.3,8,Low,Neutral,Weekday
U0647,33,Student,7.1,1.6,5.7,2.4,118,7.2,1,High,Neutral,Weekend
U0648,21,Student,5.3,3.1,2.7,3.4,95,6,2,High,Happy,Weekend
U0649,20,Working,9.5,1.3,2,2.5,39,7.1,1,Low,Neutral,Weekend
U0650,33,Freelancer,9.2,3,5.9,2.2,66,5.9,7,High,Happy,Weekday
U0651,29,Freelancer,9.6,3.4,5.6,1.1,106,4.9,2,Medium,Tired,Weekend
U0652,28,Student,6.3,3.3,2.2,1,106,5.5,1,Low,Happy,Weekend
U0653,22,Working,7.1,5.3,5.3,1.9,61,5.3,6,High,Neutral,Weekend
U0654,35,Freelancer,9.3,3.7,3.8,2.6,76,6.4,6,Low,Tired,Weekend
U0655,36,Freelancer,9.2,3.3,3,4.4,139,7.5,10,Medium,Anxious,Weekend
U0656,23,Working,8.5,3.1,5.5,4.2,149,5.7,2,Medium,Happy,Weekday
U0657,39,Working,7.5,5.1,2.8,2.1,39,4.6,1,High,Tired,Weekend
U0658,35,Freelancer,11.4,5.5,5.8,2,126,6.8,10,Medium,Happy,Weekend
U0659,23,Freelancer,7.4,5.3,2.8,1.9,34,7.2,3,Low,Tired,Weekend
U0660,21,Working,8.2,4.4,4.5,2.4,106,8.8,10,Medium,Tired,Weekend
U0661,29,Freelancer,9.7,1.7,2.9,3,30,7.2,5,Low,Happy,Weekday
U0662,36,Student,8.8,2.4,4.2,2.8,96,6.6,6,Low,Anxious,Weekday
U0663,19,Student,7.4,1.2,4.7,1.9,44,7.1,3,Medium,Tired,Weekday
U0664,34,Working,8,5.7,2.8,1.5,122,8.7,9,High,Tired,Weekend
U0665,28,Working,10.6,4.3,4.1,1.1,59,8.2,5,Medium,Tired,Weekend
U0666,28,Working,6.9,4.7,3.9,1.6,132,6,2,Low,Anxious,Weekday
U0667,38,Student,6,2.6,2.3,3.8,111,5.6,10,Low,Anxious,Weekday
U0668,33,Freelancer,7.2,5.2,5.3,2,104,5.7,6,Medium,Neutral,Weekday
U0669,19,Student,10.9,2.3,3.3,2.9,89,6.8,8,High,Happy,Weekend
U0670,19,Freelancer,5.6,1,4.3,3.4,69,7.8,6,High,Anxious,Weekend
U0671,25,Student,11.9,2.9,4.1,4.5,103,6.8,4,Low,Happy,Weekday
U0672,30,Freelancer,8.8,3.9,4.1,4.6,150,4.8,6,Low,Neutral,Weekday
U0673,27,Student,11.9,3.4,2.4,4,32,7.8,8,High,Happy,Weekday
U0674,25,Working,11.6,5.3,3.7,1.1,65,8.1,8,Medium,Anxious,Weekend
U0675,21,Student,8.2,1.5,3.8,3.3,72,5.8,10,Low,Happy,Weekend
U0676,32,Freelancer,6.4,3.8,4.9,4.1,144,7.5,2,Low,Anxious,Weekend
U0677,18,Student,6.2,3.6,5.4,1.1,138,6.4,8,High,Happy,Weekday
U0678,28,Student,6.7,2.4,4.2,3.2,119,8.5,6,Medium,Anxious,Weekday
U0679,24,Student,10,5.1,2.3,4.4,113,8.3,2,High,Anxious,Weekend
U0680,34,Working,6.9,4.8,2.9,2.9,106,6.9,1,Medium,Happy,Weekday
U0681,37,Student,7.4,4.7,2.7,1,34,7.6,6,Medium,Neutral,Weekend
U0682,35,Working,8.1,5.4,2.5,1,107,8.5,7,Medium,Tired,Weekday
U0683,39,Working,11.4,4.6,3.5,2.7,120,6.7,10,Low,Neutral,Weekday
U0684,39,Student,6.3,2.2,2.9,1.6,116,5.9,5,High,Happy,Weekday
U0685,29,Student,5,4.5,2.9,3.7,43,7.9,10,High,Neutral,Weekday
U0686,26,Student,5.4,2.5,2.2,3.8,133,5.5,8,Medium,Anxious,Weekend
U0687,22,Freelancer,11.3,2.2,2.1,1.7,112,6.2,9,Low,Tired,Weekday
U0688,27,Student,9.5,1.4,2.4,4.6,83,8.4,4,Low,Happy,Weekend
U0689,21,Working,6.9,4.7,2.7,2.8,124,7.8,7,High,Happy,Weekend
U0690,22,Student,6.2,4.6,3.7,1.6,38,6.3,8,Low,Happy,Weekend
U0691,27,Freelancer,7.1,2.2,4,4.1,82,5.5,6,Low,Tired,Weekday
U0692,28,Student,5.8,4.7,2.6,4.2,106,6.1,2,Medium,Anxious,Weekend
U0693,38,Freelancer,11.6,5.6,3.7,3.6,89,5.8,7,Low,Happy,Weekend
U0694,27,Freelancer,10.5,1.5,3.4,4.4,75,5.3,9,Medium,Neutral,Weekend
U0695,25,Student,8.2,2.2,2.7,3.9,83,7.8,5,High,Happy,Weekday
U0696,19,Working,11.1,4.8,2,4.5,103,5.6,2,Low,Happy,Weekday
U0697,25,Freelancer,6.7,2.4,3.9,2.7,141,6.5,4,High,Happy,Weekend
U0698,33,Student,10,4.1,4.7,4,124,6.2,3,High,Happy,Weekday
U0699,39,Student,11,1.4,2.9,5,52,8.9,4,Low,Anxious,Weekend
U0700,22,Working,7.5,3.3,2.5,3.9,56,6.3,10,Low,Neutral,Weekend
U0701,20,Freelancer,10.3,4.7,5.5,1.5,99,4.9,7,High,Anxious,Weekday
U0702,29,Freelancer,7.1,4.4,3.1,3.1,138,4.9,10,Low,Neutral,Weekend
U0703,30,Student,7.1,5.1,2.9,3.3,106,7.2,8,Medium,Happy,Weekday
U0704,30,Student,5.7,5.4,5.4,1.7,79,7.2,1,Medium,Tired,Weekday
U0705,27,Working,8.1,4.9,5.3,4.9,153,6.4,8,Low,Anxious,Weekend
U0706,21,Working,10.1,4.4,3.8,1.7,48,6.4,5,High,Tired,Weekday
U0707,26,Freelancer,11.6,1.2,4,1.7,30,4.7,7,Low,Anxious,Weekday
U0708,39,Freelancer,9.2,3.7,2.9,4.7,69,6.8,1,Low,Happy,Weekend
U0709,19,Student,11,1.2,2.3,2.9,51,6.8,2,High,Anxious,Weekend
U0710,36,Freelancer,10.8,5,4.3,1.3,141,5.2,1,High,Happy,Weekday
U0711,18,Working,6.2,2.6,2.4,3.4,69,5,5,Medium,Anxious,Weekday
U0712,24,Working,8.4,3.8,3.8,3.4,67,5.1,6,High,Happy,Weekend
U0713,34,Student,5.8,2.4,5.8,1.3,77,5,10,Medium,Happy,Weekday
U0714,20,Working,9.8,4.9,5.8,4.9,104,7.2,9,High,Neutral,Weekday
U0715,37,Working,11.6,5.4,3,3.2,136,5.4,8,Low,Happy,Weekday
U0716,37,Working,6,3,4.5,3.2,37,5.6,7,Medium,Neutral,Weekday
U0717,38,Working,10.1,5.3,3.9,3.1,115,5.3,5,Medium,Happy,Weekday
U0718,20,Student,9.4,2.3,5.5,3.4,97,8.8,3,Medium,Tired,Weekday
U0719,20,Student,9.1,3.7,3.1,2.1,104,8.3,9,Low,Happy,Weekday
U0720,34,Freelancer,7.7,5.3,2,2.1,119,5.5,5,Low,Tired,Weekend
U0721,24,Working,7.5,2.6,2.7,3,159,6,3,Low,Tired,Weekend
U0722,31,Freelancer,5.3,5.8,3.4,4.2,109,5.4,3,Low,Happy,Weekend
U0723,34,Student,6.5,1.6,3.3,1.2,124,6.7,3,Low,Tired,Weekend
U0724,35,Student,5.1,1.1,5.2,3.4,99,4.6,6,Medium,Neutral,Weekend
U0725,30,Student,9.1,5.5,4.7,4.2,119,7.5,1,Low,Anxious,Weekday
U0726,37,Student,5.7,1.3,3.2,1.6,88,6.9,4,Medium,Happy,Weekday
U0727,37,Student,11.1,6,3.8,1.1,57,8.5,8,Low,Tired,Weekday
U0728,38,Student,8.7,5.8,2.4,2.3,101,5.2,3,High,Happy,Weekday
U0729,35,Student,9.9,1.7,5.6,3.4,43,8.1,5,Medium,Neutral,Weekend
U0730,21,Working,7.9,3.7,5.7,1.6,53,8.1,2,High,Happy,Weekday
U0731,18,Freelancer,8.9,1.9,5.9,2.7,141,5.1,2,Medium,Happy,Weekday
U0732,35,Student,11.6,3.1,5.5,3.2,73,6.3,7,High,Tired,Weekend
U0733,18,Working,5.6,1.3,2.7,3.4,85,5.3,10,Low,Neutral,Weekday
U0734,30,Working,6.8,2.1,2.2,2.1,149,5.6,3,Low,Anxious,Weekday
U0735,37,Freelancer,10.5,2.8,4.3,2.6,61,5.7,5,Low,Anxious,Weekend
U0736,37,Student,5.7,3.2,5.7,4.1,54,7,3,Medium,Tired,Weekday
U0737,27,Freelancer,5.5,5.9,2.7,4.8,145,6.4,6,High,Happy,Weekday
U0738,28,Student,7.5,5,2,4.4,95,8.8,10,Low,Tired,Weekday
U0739,26,Working,5.6,4.7,5.2,3.3,71,5.1,3,High,Tired,Weekday
U0740,26,Working,9.1,3.7,2.3,2.6,105,8.9,8,High,Tired,Weekday
U0741,22,Working,6.6,5.2,3.7,2.3,67,5.5,2,Low,Happy,Weekend
U0742,18,Working,11.3,2.7,4.7,1.5,90,8,3,Low,Neutral,Weekend
U0743,34,Freelancer,10.5,4.5,2.9,1.4,118,6,8,High,Tired,Weekend
U0744,39,Student,9.9,6,2.3,3.8,47,5.1,8,Low,Happy,Weekend
U0745,19,Student,9.3,2.6,5.1,2,99,8.4,1,Low,Neutral,Weekend
U0746,30,Freelancer,11,4.4,4.5,2,111,5.9,8,Low,Tired,Weekend
U0747,26,Student,6.6,5.2,6,5,145,7.5,10,Medium,Anxious,Weekday
U0748,21,Working,11.1,5.6,3.4,1.8,109,7,2,High,Neutral,Weekend
U0749,22,Student,10.5,4.6,2.2,1.6,44,6.6,7,High,Tired,Weekend
U0750,28,Working,10.2,2.4,4.9,1.4,42,6.7,6,Medium,Neutral,Weekday
U0751,36,Freelancer,8.9,2.6,4.1,3.3,148,7.8,2,High,Neutral,Weekday
U0752,38,Student,6.7,1.1,2.9,3.5,72,4.9,5,Low,Neutral,Weekend
U0753,20,Freelancer,8,4.8,5.1,2.5,86,7.5,7,High,Neutral,Weekday
U0754,29,Student,10.6,1.2,2.8,3.1,46,8.5,8,Low,Neutral,Weekend
U0755,36,Working,5.2,5.3,3,4.2,61,4.8,3,Medium,Neutral,Weekday
U0756,36,Freelancer,10.5,1.6,2.4,4.3,84,5.1,1,Low,Tired,Weekend
U0757,30,Student,6.7,1.9,3.6,4.8,42,7.7,7,High,Anxious,Weekday
U0758,24,Working,6,3.4,3.7,4.3,76,6.5,5,High,Happy,Weekday
U0759,32,Freelancer,5.8,4.7,4.1,3.3,116,6.3,5,High,Neutral,Weekend
U0760,24,Freelancer,5.2,1.7,4.8,1.7,91,5.1,7,Medium,Happy,Weekend
U0761,25,Student,8.7,3.2,5.6,1.4,58,6.8,1,Medium,Tired,Weekend
U0762,22,Student,6.5,3.4,2.6,1.2,51,5.1,8,High,Neutral,Weekend
U0763,38,Student,11.9,2.1,2.2,3.7,94,6.6,10,Low,Anxious,Weekend
U0764,31,Working,9,1.6,2.1,4.2,58,7.9,5,Medium,Happy,Weekday
U0765,21,Student,6,5.2,2.6,3,77,5.7,8,High,Neutral,Weekend
U0766,27,Freelancer,9.8,3.5,4.6,1.2,34,6.7,10,High,Tired,Weekend
U0767,37,Freelancer,11.3,1.1,4.9,3.1,130,9,10,Medium,Anxious,Weekday
U0768,32,Student,10.2,5,5.1,4.7,100,7.6,5,Medium,Happy,Weekday
U0769,35,Student,5.5,5.9,3,3.4,95,8.3,7,Medium,Happy,Weekend
U0770,37,Freelancer,11.3,4,3.2,4.2,101,6.4,10,Low,Neutral,Weekday
U0771,30,Working,10.6,3.5,3.9,4.2,54,8,3,Low,Anxious,Weekday
U0772,25,Student,6.1,5.4,2.3,4.7,89,4.7,2,High,Anxious,Weekend
U0773,26,Student,5.4,5.8,4.4,4.1,69,5.1,6,Medium,Anxious,Weekday
U0774,33,Freelancer,8.9,4.8,5.9,4,36,5.4,5,Low,Anxious,Weekday
U0775,36,Student,6.1,3.2,3.4,1.9,75,6.3,9,Medium,Tired,Weekend
U0776,33,Working,10.8,4,5,1.2,115,8.3,10,High,Anxious,Weekend
U0777,24,Freelancer,7.5,4.5,4,3.1,50,6.1,4,Low,Happy,Weekday
U0778,31,Student,11.4,2,2.5,1.5,30,7.4,3,Low,Happy,Weekday
U0779,31,Freelancer,9,3.2,4.3,4.8,152,7.7,9,Low,Tired,Weekend
U0780,21,Student,6.3,5.1,3.2,2.2,154,7.1,8,High,Happy,Weekday
U0781,32,Student,6,4.3,2.1,4.4,62,6.1,6,Medium,Happy,Weekday
U0782,20,Student,9,3.1,4.5,2.6,33,7.1,1,Low,Anxious,Weekday
U0783,22,Working,10.3,4.3,5.4,2.3,32,6,10,High,Happy,Weekend
U0784,18,Working,10.5,1.6,3.4,4.7,120,4.9,1,Medium,Tired,Weekday
U0785,20,Freelancer,6.9,3,3.6,2.5,81,9,6,High,Anxious,Weekday
U0786,32,Student,6.4,5,5.6,2.6,57,5.1,3,Medium,Neutral,Weekend
U0787,25,Student,5.1,2.1,5.3,1.4,99,4.8,3,High,Anxious,Weekday
U0788,21,Working,9.8,1.9,4.9,3.7,86,8.5,6,Medium,Tired,Weekday
U0789,19,Student,5.5,5.8,3,2.2,137,5.9,3,Low,Anxious,Weekend
U0790,27,Working,7.9,2,5.6,3.3,53,7.4,10,Medium,Anxious,Weekend
U0791,21,Student,9.2,2.3,2.6,3.4,106,6,6,High,Tired,Weekend
U0792,20,Freelancer,11.6,5.8,4.5,3.9,105,6.3,5,High,Anxious,Weekend
U0793,19,Student,7.2,4.7,2.1,4,98,5.7,4,Medium,Tired,Weekday
U0794,34,Student,6.7,4.5,4.6,3.1,130,6,8,Low,Tired,Weekday
U0795,38,Working,9.6,5.3,3.1,2.3,121,6.3,2,Low,Neutral,Weekend
U0796,37,Student,9.3,1.6,3.8,4.3,121,7.7,7,Medium,Happy,Weekend
U0797,30,Student,7.3,4.5,3.4,2.2,59,6.8,4,Medium,Happy,Weekday
U0798,22,Working,11.5,3.5,2.7,3,47,8.7,2,High,Anxious,Weekend
U0799,38,Freelancer,10.9,5.1,4.5,2.6,73,4.7,7,Low,Anxious,Weekday
U0800,26,Freelancer,6.6,3.5,5.5,4.4,128,6.8,1,Medium,Neutral,Weekend
U0801,39,Working,6.7,4.1,5.8,2.7,150,7.1,4,Low,Neutral,Weekday
U0802,23,Working,8.6,3.4,2.8,2.5,144,8.6,9,Medium,Neutral,Weekend
U0803,22,Working,10.4,3.4,4.9,3.8,89,4.7,4,Medium,Tired,Weekend
U0804,27,Working,5.3,4.8,4.7,3.4,85,7.1,3,Low,Neutral,Weekday
U0805,25,Working,9.9,4.1,3.4,1.4,60,8.3,10,Medium,Neutral,Weekend
U0806,24,Freelancer,9.5,4.2,2.1,3,130,5.6,10,Medium,Anxious,Weekday
U0807,24,Freelancer,6.6,3.3,4.8,3.9,88,8.4,2,High,Neutral,Weekday
U0808,23,Working,9.8,3.7,5.8,5,153,4.6,3,Medium,Tired,Weekday
U0809,38,Student,11.6,4.7,4.5,3.5,159,7.8,1,Medium,Tired,Weekday
U0810,37,Working,5.3,5.1,3.7,2.5,126,8.7,10,Medium,Anxious,Weekday
U0811,20,Student,7.2,4.5,4.1,1.9,136,7.5,8,High,Neutral,Weekend
U0812,36,Working,8.1,5.6,2.8,4.5,47,6.5,1,Low,Neutral,Weekend
U0813,39,Working,11.3,5.1,5,4.3,100,4.7,3,High,Tired,Weekday
U0814,32,Freelancer,11.7,3.8,5,1.9,135,8.6,3,High,Neutral,Weekend
U0815,21,Student,8.1,4.4,2.6,1.8,83,6.6,2,Low,Neutral,Weekday
U0816,29,Student,10.3,5.6,5.5,3.9,123,4.6,5,High,Neutral,Weekend
U0817,23,Freelancer,8.7,4.1,3.1,2.3,105,7.6,10,Low,Happy,Weekend
U0818,36,Freelancer,8.8,5.1,5.9,2.2,64,6.7,3,High,Anxious,Weekend
U0819,21,Freelancer,6.9,4.4,3.5,1.6,40,5.1,3,Low,Happy,Weekend
U0820,32,Freelancer,6.5,3.8,2.7,2.1,90,5.5,8,Medium,Anxious,Weekday
U0821,26,Student,7,2.2,3.4,2.7,73,4.8,4,High,Tired,Weekday
U0822,22,Student,8.9,3.1,3.8,3.9,150,7.1,4,High,Neutral,Weekend
U0823,30,Working,5.2,5.8,2.3,2.3,97,7.3,3,High,Anxious,Weekend
U0824,35,Working,11.4,4.3,4.3,2.3,54,6.8,1,High,Happy,Weekday
U0825,22,Freelancer,6.1,3.8,4.4,2.1,113,8.2,8,Medium,Neutral,Weekend
U0826,33,Freelancer,6.5,5.7,5,2.9,143,8.4,1,High,Tired,Weekday
U0827,36,Freelancer,8.6,3.9,2.1,1.7,30,7.3,7,Medium,Anxious,Weekday
U0828,31,Working,10,3.6,4.2,2.9,115,4.6,5,Medium,Anxious,Weekday
U0829,33,Working,5.7,4.8,2.2,3.8,91,7.6,4,Medium,Anxious,Weekend
U0830,32,Working,7.2,4.6,4.8,1.1,93,6.4,4,Medium,Neutral,Weekday
U0831,39,Working,11.8,2,2.2,1,155,7,8,Low,Happy,Weekend
U0832,21,Working,6.8,3.4,5.6,1.3,134,7.4,6,Low,Happy,Weekday
U0833,24,Working,7.2,3.4,4.8,3.1,91,6.1,1,High,Anxious,Weekend
U0834,33,Working,10.9,2.9,4,4.4,64,8.6,10,Low,Tired,Weekend
U0835,39,Freelancer,5.4,3.6,3.8,1,42,5.1,8,Low,Tired,Weekend
U0836,38,Freelancer,8.3,3.1,2.5,4.7,72,7.5,2,High,Happy,Weekday
U0837,39,Freelancer,7.7,2,3.2,1.4,159,4.5,6,High,Tired,Weekday
U0838,38,Freelancer,7.2,3.1,5.5,4.4,140,8.7,9,High,Happy,Weekend
U0839,25,Working,7,1.4,5.6,2.9,157,5,1,Low,Anxious,Weekend
U0840,34,Student,5.6,3.9,2,3.6,80,4.9,6,Low,Happy,Weekend
U0841,33,Working,7.2,5.3,4.4,3,74,6,8,High,Happy,Weekday
U0842,27,Student,5.3,4.6,4.9,2.9,71,6.2,10,Medium,Anxious,Weekday
U0843,27,Freelancer,10.5,2.8,4.5,4.3,44,5.5,2,High,Tired,Weekday
U0844,19,Working,7.8,1.4,2.3,4,89,7.1,5,Medium,Happy,Weekday
U0845,26,Freelancer,8.1,2,2.9,2.9,69,6.5,6,Medium,Happy,Weekend
U0846,34,Working,11.3,3.7,3,1.4,141,4.7,5,High,Anxious,Weekend
U0847,28,Freelancer,9.6,2,5.3,1.5,106,5.9,3,High,Tired,Weekday
U0848,27,Student,5.1,3.7,3.9,4.2,134,8.1,4,High,Happy,Weekday
U0849,39,Student,11.6,2.2,3.9,3.1,136,7.6,7,Low,Anxious,Weekend
U0850,34,Student,6.7,5.2,5.7,2.9,151,7.8,4,Medium,Happy,Weekday
U0851,21,Working,5.8,3,4.5,3.7,109,7.6,9,Low,Neutral,Weekday
U0852,33,Student,10.4,2.2,5.6,4.4,154,5.9,10,Low,Anxious,Weekday
U0853,37,Working,8.5,5.1,3.8,3.5,61,4.9,2,High,Tired,Weekday
U0854,32,Student,8,2.7,2.6,4.1,137,5.7,5,Low,Tired,Weekday
U0855,38,Student,6.7,1.6,5.7,4.1,143,8.2,8,High,Tired,Weekday
U0856,22,Working,8.8,3.9,3.8,2.4,97,8.9,5,Medium,Tired,Weekend
U0857,23,Working,6.9,3.9,2.7,2.1,156,6.7,10,High,Happy,Weekday
U0858,34,Student,11.3,4.6,3.2,4.2,143,4.5,8,Low,Happy,Weekday
U0859,18,Working,6.5,2.2,2.2,2.5,37,5.1,8,Low,Tired,Weekend
U0860,36,Student,11.2,3.2,3.9,4.6,93,5.9,9,High,Tired,Weekend
U0861,21,Working,8.9,2.4,5.4,1.3,70,7.1,10,High,Tired,Weekend
U0862,34,Freelancer,10.8,1.4,5.7,1.2,69,4.8,6,Low,Happy,Weekday
U0863,26,Freelancer,10,5.4,5.7,4.7,32,8.7,4,Medium,Tired,Weekend
U0864,19,Freelancer,9.9,4.6,2.5,3.6,139,6.1,3,Medium,Tired,Weekday
U0865,25,Freelancer,7.3,2.5,3.5,2.5,143,8.6,5,High,Neutral,Weekday
U0866,32,Freelancer,6.6,4,2.1,4,141,8,6,Medium,Neutral,Weekday
U0867,24,Student,6.5,2,5.4,3.7,33,7.9,3,Low,Tired,Weekend
U0868,23,Freelancer,11,5.5,3.4,3.1,55,7.2,2,High,Anxious,Weekend
U0869,18,Freelancer,10.7,1.6,4.5,1.4,46,7.3,7,Low,Tired,Weekend
U0870,32,Freelancer,8.1,1,4.9,4.2,121,7.4,5,Low,Neutral,Weekend
U0871,24,Freelancer,5.9,3.5,3.7,4.5,60,7.3,9,Medium,Anxious,Weekend
U0872,34,Working,7.7,3.9,3.2,1.7,136,7,3,High,Anxious,Weekday
U0873,19,Student,9.3,3.9,5.8,4.4,140,8.9,8,High,Tired,Weekday
U0874,26,Freelancer,8.2,1.3,5.9,4.5,130,7.8,6,Medium,Neutral,Weekday
U0875,26,Freelancer,10.5,2.6,3.2,3.2,141,8,4,Low,Neutral,Weekday
U0876,30,Freelancer,12,3.5,3.9,3.6,91,8.4,9,Low,Anxious,Weekend
U0877,23,Student,6.3,2.1,5.9,2.5,141,5.5,5,Low,Tired,Weekend
U0878,23,Working,8.2,5.4,2,2.1,145,4.9,10,Low,Happy,Weekday
U0879,37,Student,8,1.4,3.7,3.9,64,6.7,6,High,Happy,Weekend
U0880,37,Working,7.1,3.4,2.4,4.4,57,6.8,9,High,Neutral,Weekend
U0881,38,Freelancer,6.4,4.5,4,3.6,132,8.2,7,Medium,Happy,Weekday
U0882,20,Freelancer,5.5,2.3,2.1,3,154,6.5,5,Medium,Neutral,Weekday
U0883,34,Student,11.2,4.1,3.6,1.6,131,7.1,2,High,Neutral,Weekend
U0884,34,Student,7.9,5.1,2.9,1.2,50,6.9,4,High,Neutral,Weekend
U0885,29,Working,8.5,2,4.1,2.8,81,4.7,2,Low,Happy,Weekday
U0886,33,Working,11.4,5.6,6,1.2,126,7.3,3,Low,Neutral,Weekday
U0887,32,Student,10.4,3.8,5.2,3.3,80,8.2,10,Medium,Anxious,Weekday
U0888,30,Working,5.9,2.5,5.4,2.5,112,5.2,3,High,Tired,Weekend
U0889,18,Student,9,3.2,4.5,4,84,7.2,4,Medium,Tired,Weekday
U0890,34,Working,8.1,2.6,2.2,2.2,106,7.2,6,High,Neutral,Weekday
U0891,20,Student,10.6,4.6,2.8,3.4,156,5.2,3,Low,Tired,Weekend
U0892,32,Student,10.1,5,5.7,3.2,122,5.1,10,Medium,Happy,Weekend
U0893,21,Student,9.8,5.2,3.5,1,117,8.9,1,Medium,Happy,Weekend
U0894,21,Working,7.4,5.9,2.4,1.3,109,6.3,1,High,Tired,Weekend
U0895,35,Working,10.6,5,4.8,2.2,121,5.5,9,Low,Happy,Weekend
U0896,34,Working,5.4,4,3.2,4.5,76,5.3,9,Medium,Tired,Weekday
U0897,36,Student,6.1,2.7,3.1,1.6,67,7.5,5,Low,Tired,Weekday
U0898,28,Working,7.3,3.7,6,3.8,44,7.2,9,Medium,Tired,Weekend
U0899,37,Working,5.5,1.2,5.4,4.9,30,7.4,7,Low,Neutral,Weekend
U0900,20,Student,6.6,4.7,3.6,4.2,30,4.9,9,High,Tired,Weekend
U0901,25,Freelancer,10.8,3.2,5.9,2,78,8.5,7,Medium,Neutral,Weekend
U0902,31,Student,11.6,1.1,4.6,4.6,125,6.3,9,Medium,Tired,Weekend
U0903,18,Working,7.1,1.3,5,1.4,55,5.9,2,Low,Tired,Weekday
U0904,31,Student,6.9,2.9,2.1,2.9,116,6.6,8,Low,Tired,Weekday
U0905,19,Freelancer,7,3.9,2.5,4.6,122,6.3,7,Medium,Happy,Weekday
U0906,21,Student,6.9,3.3,4.5,3.6,131,8.4,6,High,Neutral,Weekday
U0907,36,Working,5.3,4.1,5.6,2.7,100,8.7,5,Low,Neutral,Weekend
U0908,23,Freelancer,11.5,3.4,4.5,2.2,124,5.9,4,Low,Tired,Weekday
U0909,18,Working,6.5,4.3,2.5,2.5,147,8.4,7,Low,Tired,Weekend
U0910,34,Freelancer,7.9,2.1,2.5,3,148,8,3,Medium,Happy,Weekend
U0911,25,Freelancer,5.1,1.6,5.4,2.3,80,8.7,8,Medium,Happy,Weekend
U0912,36,Student,11,4,2.6,4.9,110,5.6,2,Medium,Happy,Weekday
U0913,38,Student,10.1,3.4,4.1,4.7,65,7.1,1,Medium,Neutral,Weekend
U0914,18,Working,11.6,1.1,2.1,4.5,96,5.7,2,High,Neutral,Weekday
U0915,22,Student,10.5,2.9,2.3,2.7,158,8.2,9,High,Neutral,Weekday
U0916,33,Student,7.2,1.5,4.7,3.8,143,4.5,5,Medium,Tired,Weekend
U0917,23,Freelancer,6.7,3.7,4.8,4.6,140,7,8,High,Neutral,Weekend
U0918,25,Student,9.9,3,3.4,4.4,129,6,3,Low,Anxious,Weekend
U0919,30,Freelancer,7.5,4.1,2.9,2.7,138,6,7,Low,Anxious,Weekday
U0920,33,Freelancer,9,5,5.3,1.4,149,7.4,2,Low,Happy,Weekend
U0921,20,Freelancer,5,2.5,2.9,1.3,108,8.3,8,Medium,Neutral,Weekday
U0922,36,Working,5.4,5.8,4.2,3.3,48,7.2,7,Low,Anxious,Weekend
U0923,29,Working,8.7,3.7,5.9,3.6,156,8.3,5,High,Happy,Weekend
U0924,33,Working,9,4.1,2.6,4.4,58,5.7,4,Medium,Neutral,Weekday
U0925,28,Freelancer,10.3,4.4,5.8,2.2,53,6.8,1,High,Tired,Weekday
U0926,27,Working,5.9,4.3,2.7,1.7,39,6.5,5,Low,Anxious,Weekday
U0927,37,Working,8.6,3.6,4.3,2.5,134,4.6,9,Low,Tired,Weekday
U0928,21,Student,6.4,3.1,3.5,2.4,84,7,10,Low,Neutral,Weekday
U0929,29,Working,5.7,1.3,5.9,1.5,31,7.5,4,Medium,Anxious,Weekday
U0930,19,Working,7.9,1.1,3.1,3.7,140,7.2,9,High,Neutral,Weekend
U0931,39,Freelancer,6.1,2.8,3.6,3,67,7.8,2,Medium,Tired,Weekend
U0932,36,Freelancer,6.6,2.7,5.9,3.9,131,7.1,4,Medium,Anxious,Weekday
U0933,22,Freelancer,7.2,2.9,4.1,2.4,124,4.8,9,Low,Tired,Weekend
U0934,25,Freelancer,6.8,1.7,4,2.3,121,5,4,Medium,Neutral,Weekday
U0935,24,Freelancer,5.6,4.7,3,2.9,100,7.2,5,Medium,Neutral,Weekend
U0936,31,Freelancer,5.6,5.3,4.8,4.5,53,5.7,8,Low,Tired,Weekend
U0937,20,Working,6.4,5.7,2.1,1.2,97,4.9,1,Medium,Anxious,Weekday
U0938,35,Freelancer,5.4,3.5,2.2,4.2,157,6.4,1,Low,Tired,Weekday
U0939,33,Freelancer,9.4,4.5,4.4,2.5,122,7,9,Low,Neutral,Weekday
U0940,36,Student,7,5.3,3.4,4.4,73,6,9,Low,Tired,Weekend
U0941,36,Working,7,3.1,5.8,4.2,84,7.7,4,Low,Neutral,Weekday
U0942,35,Working,7.3,2.5,5.6,2.4,58,7.4,2,Medium,Tired,Weekend
U0943,37,Working,9.6,5.7,4.9,3.8,66,6,9,Low,Anxious,Weekday
U0944,33,Freelancer,11.1,3.6,5.3,1.6,144,7.9,4,Low,Anxious,Weekend
U0945,25,Freelancer,10.3,3.5,4.7,4.6,32,7.4,6,Medium,Tired,Weekend
U0946,18,Freelancer,10.1,1.9,2.5,2.6,151,7.4,1,Medium,Tired,Weekday
U0947,34,Student,8.4,1.5,5.1,2.8,72,7,9,High,Anxious,Weekend
U0948,29,Freelancer,9.9,5.2,2.8,3.8,36,4.6,5,Medium,Neutral,Weekend
U0949,38,Student,8.9,4.1,3.3,4.3,154,7.6,3,Medium,Anxious,Weekday
U0950,28,Working,6.5,2.6,5.3,1.9,78,6.2,4,High,Neutral,Weekend
U0951,22,Freelancer,6.5,2,4.1,3.6,150,8.7,1,Medium,Tired,Weekday
U0952,29,Student,7.1,3.8,5.4,2.6,102,8.2,9,Medium,Tired,Weekday
U0953,34,Student,11.4,3.9,2.9,2.5,70,7.1,8,Medium,Neutral,Weekday
U0954,23,Freelancer,8.8,2,4.4,3.8,135,5.6,4,Medium,Tired,Weekday
U0955,18,Working,10.1,5.3,2.3,2.5,106,5.4,2,High,Neutral,Weekend
U0956,22,Working,7.4,1.4,4.6,2.4,156,6,9,Medium,Happy,Weekend
U0957,31,Working,7.9,2.8,5.1,4.3,120,6.6,4,Medium,Anxious,Weekend
U0958,22,Student,5.9,4.4,4.3,1.4,37,5.8,9,High,Happy,Weekday
U0959,39,Student,6.2,2.4,3.1,3.7,61,6.8,10,Low,Neutral,Weekend
U0960,18,Student,10.8,5.1,2.1,2,93,5.2,3,High,Anxious,Weekend
U0961,35,Student,9.1,4.7,2.5,1.1,42,8.9,7,Low,Neutral,Weekday
U0962,33,Working,7.4,4.9,4.5,1.7,122,5,7,High,Anxious,Weekday
U0963,26,Freelancer,10.6,1.6,5.7,3.4,90,8.7,10,High,Anxious,Weekend
U0964,36,Student,6.7,1.7,2.8,3.8,37,8.6,4,Medium,Anxious,Weekday
U0965,39,Student,11.8,2.4,4.9,1.1,58,6.9,2,Low,Anxious,Weekday
U0966,22,Working,7.4,3.6,5.5,1.1,124,7.8,9,Medium,Neutral,Weekday
U0967,19,Freelancer,7.4,4.7,4.1,4.6,70,6.5,4,Low,Anxious,Weekday
U0968,32,Freelancer,7.2,5.2,4.7,1.3,40,7.3,8,High,Anxious,Weekend
U0969,24,Working,5.9,4.5,5.3,4.6,31,6,2,High,Happy,Weekday
U0970,21,Working,5.8,5.6,3,1.9,109,5.9,8,Low,Tired,Weekday
U0971,18,Freelancer,9.5,4.7,3.2,4,116,7.1,10,Medium,Tired,Weekday
U0972,30,Student,11.1,2.5,2,2.2,135,6.7,5,Medium,Happy,Weekday
U0973,37,Freelancer,10.5,2.3,5.9,4.4,46,7.1,7,Medium,Happy,Weekday
U0974,39,Working,6,4.5,5.7,3.8,52,5.8,7,Medium,Neutral,Weekday
U0975,24,Student,8.8,2,5.1,2.6,77,6.2,9,High,Neutral,Weekday
U0976,32,Student,5.7,1.5,2.3,1.3,49,4.9,3,High,Neutral,Weekday
U0977,31,Working,5.3,3.7,3.8,3.9,31,4.7,10,High,Happy,Weekend
U0978,36,Working,9.6,5.1,2.4,3.5,117,5.6,4,High,Happy,Weekday
U0979,39,Working,8.7,1.5,2.1,1,60,4.8,10,High,Anxious,Weekend
U0980,37,Freelancer,5.6,5,4.5,1,159,5,4,Medium,Neutral,Weekday
U0981,35,Freelancer,5.2,5.1,5.8,4.2,107,8.2,10,Medium,Neutral,Weekday
U0982,27,Student,11.9,3.4,5.6,2,33,4.7,5,Medium,Neutral,Weekday
U0983,26,Working,5.2,1.3,4.8,3.5,157,7.5,6,Medium,Tired,Weekday
U0984,25,Student,8.1,1.9,2.4,2.8,60,5.7,3,High,Anxious,Weekend
U0985,27,Student,8.5,4.5,3.1,4.5,50,8.4,4,High,Neutral,Weekday
U0986,34,Student,5.8,4.6,3.3,4.7,52,6.7,3,High,Neutral,Weekday
U0987,19,Student,6.2,5.5,5.1,5,58,5.9,2,Low,Neutral,Weekend
U0988,23,Working,7.5,3.9,5.2,1.6,134,6.8,10,Medium,Tired,Weekend
U0989,22,Student,10.3,1.6,3.5,4.5,81,6.2,9,Medium,Tired,Weekday
U0990,26,Working,8.5,1.6,3.7,2.1,144,7,1,High,Happy,Weekend
U0991,22,Working,9.5,4.6,2.2,3.4,130,5,2,Medium,Anxious,Weekend
U0992,35,Freelancer,11.9,1.9,3.2,3,113,9,8,Medium,Happy,Weekend
U0993,37,Working,10.4,2.6,3.8,1.1,90,6.4,7,High,Anxious,Weekday
U0994,26,Freelancer,8,3.4,2.5,4.7,154,6.1,1,Low,Tired,Weekday
U0995,34,Working,8.1,1.1,3.8,1.3,100,7.7,5,Low,Neutral,Weekday
U0996,34,Working,9.3,2.2,5.4,3.8,99,6.1,10,Low,Happy,Weekend
U0997,29,Working,9.7,3,4.3,4.1,137,8.2,6,High,Neutral,Weekday
U0998,24,Freelancer,8.5,2.4,2.3,4.2,50,6.5,5,Medium,Happy,Weekend
U0999,20,Freelancer,9.5,1.7,2.8,1.5,111,7.7,4,High,Tired,Weekday
U1000,27,Student,5.2,4.6,3.9,2.8,117,5,1,High,Tired,Weekday
